"ID","A1B1","A1B2","A1B3","A1B4","A2B1","A2B2","A2B3","A3B1","A3B2","A3B3","A3B4","A4B1","A4B2"
1,1.615666268471,-2.48969293762705,0.26691178017475,0.6071148889813,1.26107137923704,2.01027194205097,-3.27134332128801,1.03251379762148,0.554920111052317,-0.390653858630931,-1.19678005004286,0.0583995189147148,-0.0583995189147148
2,3.09635733793776,-5.77309692482054,1.91604769493573,0.760691891947058,-0.147250980331906,0.634390568687132,-0.487139588355225,2.07862545975626,2.20425520473839,-0.967681471561763,-3.31519919293289,-0.104269988600219,0.104269988600219
3,0.324990738760143,-4.83009255088168,0.836581760729907,3.66852005139163,0.345101014216696,1.35132423484993,-1.69642524906662,0.306133887599164,0.35477418355628,0.0882739580437162,-0.74918202919916,-0.454942382907002,0.454942382907002
4,1.82256955426765,-4.83571444442951,1.86285430288403,1.15029058727784,0.675846279032595,1.82444080998614,-2.50028708901873,0.330706440578438,0.729449491905238,-0.188007922416686,-0.87214801006699,0.140428345821963,-0.140428345821963
5,0.387300158305215,-7.1711906168135,2.94393241429409,3.8399580442142,-0.135549835295521,1.30918025851523,-1.17363042321971,2.32897026161543,2.01730908350783,-0.623511254468133,-3.72276809065512,-0.215976743903897,0.215976743903897
6,1.80765099389568,-7.27177934811189,1.55793953661293,3.90618881760328,0.0995953619679158,1.71923839592827,-1.81883375789618,2.44673403869691,1.98548496087824,-0.787720840321159,-3.644498159254,-0.244173155312263,0.244173155312263
7,0.306135867816771,-6.67862327756275,2.09945058478413,4.27303682496185,0.0442889980638998,0.687909070483075,-0.732198068546975,1.73024514038529,1.65635809026953,-0.374620210728952,-3.01198301992587,-0.461591823484962,0.461591823484962
8,2.44547448956097,-5.01259593592525,0.761208572561856,1.80591287380242,0.213362638070755,2.18590549886848,-2.39926813693923,0.816869371271907,0.551848908217295,-0.225822216225968,-1.14289606326323,-0.000719244872490487,0.000719244872490487
9,2.07837427910277,-6.43585941355862,2.77716802708302,1.58031710737283,-0.437722970153253,1.11186876470185,-0.674145794548594,2.56511530262953,2.00062340662822,-0.981011868693863,-3.58472684056388,-0.225613967578803,0.225613967578803
10,1.66415718100894,-6.45288597801929,0.67561802281021,4.11311077420014,0.350866613064474,1.6363918905674,-1.98725850363187,1.52885717295996,0.959774013610263,-0.360760833106914,-2.12787035346331,-0.308457402816018,0.308457402816018
11,1.20860445322778,-5.50571404167111,1.63946767630066,2.65764191214266,0.883101477871773,2.06959074505322,-2.952692222925,0.774841228939581,0.39966794827869,0.189458831505136,-1.36396800872341,-0.406918383605714,0.406918383605714
12,-0.312414109184746,-1.52957715769601,0.850381894523546,0.99160937235721,-0.611596843738533,1.2478309551137,-0.636234111375166,0.382791484629849,0.213638076721742,0.0345268259580829,-0.630956387309674,-0.0933379329948763,0.0933379329948763
13,1.97066392959621,-6.72014158311931,1.47406180209925,3.27541585142386,-0.547348534048834,1.18419429378364,-0.636845759734801,2.45174867855557,2.31920922297178,-1.18072340192481,-3.59023449960254,-0.1541467850099,0.1541467850099
14,0.796627273522104,-1.72013335248993,0.266988500553637,0.65651757841419,-0.315044837363546,0.887243059893341,-0.572198222529795,0.030186431705807,1.07488351697772,-0.112108339304639,-0.992961609378892,-0.0704898056144969,0.0704898056144969
15,0.13232037185666,-0.0706245577573439,0.353502538899759,-0.415198352999076,0.0907777846186152,-0.685044441438751,0.594266656820136,-0.0348965939537104,0.0416083141787824,-0.260327961841609,0.253616241616537,-0.0269573136176027,0.0269573136176027
16,2.62132722691725,-6.34448066816348,2.10755469596886,1.61559874527737,-0.0617986296596923,1.50333111342654,-1.44153248376685,2.67434548642313,2.33721674773542,-1.09143987545139,-3.92012235870717,-0.235365282436075,0.235365282436075
17,0.410773961151546,-1.09299028810466,0.694475461306595,-0.0122591343534823,0.525273588759964,2.7848831642261,-3.31015675298606,0.145614144192578,0.215643120852734,0.422227166701132,-0.783484431746445,-0.188105281795806,0.188105281795806
18,1.75171495460731,-6.3752626407739,0.782728877287634,3.84081880887896,0.718212353657875,0.429740793986295,-1.14795314764417,1.45094783305338,1.27057719230266,-0.156364621724144,-2.56516040363189,-0.620083306518033,0.620083306518033
19,-0.317575690292805,0.299245720049932,0.382860779467975,-0.364530809225101,-0.398970519397244,0.206505267201273,0.192465252195971,0.263807763394211,0.286290526822221,-0.691799566586352,0.141701276369921,-0.433347209510043,0.433347209510043
20,0.322098194637093,-6.53430506140355,3.16772642106908,3.04448044569738,0.476661399391117,0.309408196295685,-0.786069595686802,1.73372266147397,1.94192865210468,-0.477863173832435,-3.19778813974621,0.0544247503528536,-0.0544247503528536
21,-0.162477143350566,-5.32344950670797,1.81613235797291,3.66979429208562,0.0446112816037664,1.26838883587088,-1.31300011747465,0.987337710758854,0.444640032386708,0.189948685795582,-1.62192642894114,-0.544655147219187,0.544655147219187
22,3.24378268604846,-6.49061610528383,1.38645774542336,1.86037567381201,-0.0388023469087123,1.43379265147193,-1.39499030456322,2.77866760352692,2.12922828570072,-1.12578947781563,-3.782106411412,-0.235040302632134,0.235040302632134
23,1.2917452674279,-7.6296885497522,2.33024066846145,4.00770261386285,0.123007948354783,1.78898878300986,-1.91199673136464,2.41133251348327,2.18995435599985,-0.860033035340071,-3.74125383414306,-0.222486948043492,0.222486948043492
24,1.57084627044698,-1.43737005282025,-0.528960938878397,0.395484721251659,0.40121973830401,0.275127677187059,-0.676347415491068,0.0916859349457545,-0.179494166953649,-0.267393756259955,0.355201988267849,0.445309254854198,-0.445309254854198
25,3.36664376127777,-6.03642610365739,1.74896148401153,0.920820858368092,0.689332100728888,0.145827650687002,-0.835159751415889,2.04292884553291,2.18252458497344,-0.943792055381064,-3.28166137512529,-0.070443931440193,0.070443931440193
26,0.776848100995825,-1.37830684366109,0.687309294364146,-0.0858505516988852,0.530345226634375,-0.125932788373909,-0.404412438260466,-0.258427785006691,0.101237059413242,0.271647520638884,-0.114456795045434,0.624235590587212,-0.624235590587212
27,1.25582922243128,-0.702501010596853,-0.524426818466956,-0.0289013933674679,-0.219152455539116,0.0255992442588416,0.193553211280274,0.407722332361393,0.23658955169001,-0.26933049196795,-0.374981392083453,-0.41048702060596,0.41048702060596
28,-0.0323762182302574,-5.47826159719222,3.38951168063216,2.12112613479032,0.282559613954138,1.45750791858217,-1.74006753253631,1.21632006337802,1.14694865331915,-0.477033203598056,-1.88623551309911,-0.00772152123534094,0.00772152123534094
29,0.401003560875852,-0.900536648274032,1.12168354992832,-0.622150462530139,0.0504368554198423,-0.264376621309899,0.213939765890056,1.76098971231114,1.67938834603562,-1.04894821735729,-2.39142984098946,-0.201446329690969,0.201446329690969
30,0.5501457701831,-0.160407637762419,0.064468612135094,-0.454206744555776,-0.438115119972097,0.516629088000251,-0.078513968028154,0.00908299661288446,0.424199162774306,-0.195142314487083,-0.238139844900108,0.288391952980444,-0.288391952980444
31,0.477244654004026,-2.10774675842223,0.890831878849296,0.739670225568908,0.387039899855936,0.519154920209671,-0.906194820065607,1.58389417572362,1.52133868240491,-0.548872314523078,-2.55636054360545,0.760539763181529,-0.760539763181529
32,1.23911882578477,-4.97746981542068,2.65893369024058,1.07941729939533,-0.321778369382612,2.16381530754219,-1.84203693815958,1.36724783695701,0.777861830362136,-0.337782447476114,-1.80732721984304,-0.020995424596575,0.020995424596575
33,-0.291286534160421,-1.95633334213968,1.39211964637408,0.855500229926023,-0.444960782181411,0.649928655584395,-0.204967873402984,2.56235525247317,1.24965464208126,-1.05949727916865,-2.75251261538579,-0.163808596164561,0.163808596164561
34,1.76228850906051,-6.95233432529129,0.832685613629758,4.35736020260102,0.370767895066077,1.02332837115745,-1.39409626622353,1.73740786189498,1.83597516171478,-0.525470776591042,-3.04791224701871,-0.357296269573473,0.357296269573473
35,0.134205532917717,-5.31688161333924,2.78879209827527,2.39388398214625,0.00338533848371609,0.569655617763509,-0.573040956247225,1.54920825217474,0.828029468948106,-0.422374771189997,-1.95486294993285,-0.128123363279682,0.128123363279682
36,0.789916539145687,-6.338310908259,3.75205833081731,1.796336038296,0.0926224286859531,0.921822416396871,-1.01444484508282,2.00174845889146,2.2436234393248,-1.12492977638741,-3.12044212182885,0.0471078507864677,-0.0471078507864677
37,1.62978216197809,-6.43964107637,2.52961468821945,2.28024422617246,0.459620454234512,2.82563295604012,-3.28525341027463,1.68359891583234,1.22030707462805,-0.64513540343825,-2.25877058702214,0.000549479956393651,-0.000549479956393651
38,2.11305918305461,-2.19042727774164,0.186099025548276,-0.10873093086124,-0.0262810548441878,-0.206395386425099,0.232676441269287,-0.226090289455253,0.257786041221615,0.125649714038181,-0.157345465804543,0.0303181607999364,-0.0303181607999364
39,-0.113893856462972,-5.35821334407752,1.63332695340472,3.83878024713577,0.0389144731401162,1.3701554349345,-1.40906990807461,0.861174047725946,0.594450626732356,0.100752958654617,-1.55637763311292,-0.49652294767509,0.49652294767509
40,1.30385677682736,-5.68855270592653,1.65570295664724,2.72899297245193,0.665149267119976,2.13549999611091,-2.80064926323089,0.772873919800969,0.966151690207295,-0.107793371665725,-1.63123223834254,-0.208083104617652,0.208083104617652
41,0.802358584039232,-2.23085892262885,1.82135854282464,-0.392858204235022,-0.475943073398467,0.368201666817937,0.10774140658053,0.203985768453544,-0.19251128229029,0.348893040380663,-0.360367526543916,0.567460433731348,-0.567460433731348
42,1.08579053905763,-4.73595634909781,0.252672313539413,3.39749349650077,0.356521843222338,0.0406213326066197,-0.397143175828957,-0.132144565040892,0.831206745694304,-0.00396445594192434,-0.695097724711488,-0.317880822228017,0.317880822228017
43,0.727683899763293,-5.80466213771184,2.93608007548449,2.14089816246406,0.0561917944952332,2.39893044096488,-2.45512223546012,1.29556786559585,1.02871489901598,-0.332114330454513,-1.99216843415732,0.0972234234880185,-0.0972234234880185
44,2.12396170181556,-5.43472477131455,2.07405784773215,1.23670522176684,0.842336548851246,1.98973674582232,-2.83207329467357,1.23325927838912,1.08409698306504,-0.457581635071932,-1.85977462638223,0.129874105129182,-0.129874105129182
45,2.81250001529168,-6.67511281395303,2.26416352182992,1.59844927683143,-0.0470417377123065,1.52101869597204,-1.47397695825973,2.72186353156263,2.04137916643616,-1.00318531528013,-3.76005738271866,-0.194681171105381,0.194681171105381
46,0.822202950928235,-0.437751226729441,0.696347157956421,-1.08079888215521,-0.383815686529858,0.885415465999882,-0.501599779470024,0.773052878453056,-0.194000282624453,-0.0431694637542926,-0.53588313207431,0.213408592245839,-0.213408592245839
47,2.17539812318897,-6.14175268854681,1.70570804481358,2.26064652054426,0.458962035084277,2.7325334849727,-3.19149552005698,1.5898360865809,0.992243187683265,-0.523446732665315,-2.05863254159885,-0.0379354642786538,0.0379354642786538
48,1.94280788407852,-5.19017144786038,1.40978175905243,1.83758180472943,0.350843674997883,2.35765769383711,-2.70850136883499,0.65822700779375,0.512809027188456,-0.350435875226095,-0.82060015975611,-0.0134063471268794,0.0134063471268794
49,1.7872602293556,-6.8050622288379,0.947569116932048,4.07023288255025,0.317647861211066,1.07634781347935,-1.39399567469042,1.74394937493228,1.87687861545262,-0.65089580188793,-2.96993218849697,-0.522036304105482,0.522036304105482
50,0.161621847378869,-6.28830116100893,3.62225829271424,2.50442102091582,0.305707648730364,0.995087790381857,-1.30079543911222,1.52515123511344,1.79648395619056,-0.703067815334908,-2.61856737596909,-0.00848783986096739,0.00848783986096739
51,1.14369778596916,-5.04325733213724,1.03722597036032,2.86233357580775,0.388952985721945,-0.567391203991185,0.17843821826924,0.919279014029959,1.17854787810766,0.0942352380079508,-2.19206213014557,-0.123640591482167,0.123640591482167
52,0.415660905427958,-0.658968652629412,-0.181932197961309,0.425239945162764,0.212366208107216,1.50076892255903,-1.71313513066625,1.082567644498,1.31643599602743,-0.463717184434332,-1.9352864560911,-0.390566612214593,0.390566612214593
53,-0.345993281805796,-0.739858942324879,1.08021278182057,0.00563944231010621,0.56027029748664,1.73068573338703,-2.29095603087367,0.722635731377382,0.993489161217746,-0.0489369127226348,-1.66718797987249,0.30867659217583,-0.30867659217583
54,1.56268749643504,-2.55299744876542,0.384385873633338,0.605924078697042,0.932741474022948,2.49185436055499,-3.42459583457794,0.892235445507715,0.147418062817057,-0.0129387959343732,-1.0267147123904,-0.0395469790622874,0.0395469790622874
55,1.36488509223248,-5.88744408879982,3.56506968089018,0.957489315677171,0.428682307078401,0.239750005237046,-0.668432312315448,1.8011228993878,2.04221045280826,-0.9691403466693,-2.87419300552676,0.0534894241106549,-0.0534894241106549
56,0.355673437041087,-1.83582402426123,-0.0640464973873008,1.54419708460745,-0.229657669186405,1.40555439779442,-1.17589672860802,0.151123717176864,0.0553364886632164,0.231045985303358,-0.437506191143439,0.11482296149708,-0.11482296149708
57,1.73976689759893,-6.90032304292392,0.842160645850412,4.31839549947457,0.383718094341383,1.22412117325459,-1.60783926759598,1.87892910043578,1.90871104553308,-0.523889968178599,-3.26375017779026,-0.388003714628852,0.388003714628852
58,1.9345295828374,-5.55001132977409,2.87342941257299,0.742052334363704,0.354353287834636,2.01522993822706,-2.3695832260617,1.36533973608695,1.27639301661167,-0.480679634594721,-2.1610531181039,0.348071964165815,-0.348071964165815
59,2.30713255606616,-7.41744641682669,1.74542106581146,3.36489279494907,-0.0508172119942108,1.418574012481,-1.36775680048679,2.55500538286463,2.35974850348831,-1.08953382886629,-3.82522005748665,-0.146976939893023,0.146976939893023
60,0.18197307422397,-0.284214898929811,0.601746894923498,-0.499505070217657,-0.280591983666506,0.00435307276931323,0.276238910897193,0.510971130245385,-0.125432861031986,-0.12507684696194,-0.260461422251459,0.169317345771656,-0.169317345771656
61,-0.259424108383739,1.46642729695978,0.412430040118774,-1.61943322869482,0.744374510681932,1.19518519503242,-1.93955970571435,0.854926598961197,0.494344479899641,-0.250500626904599,-1.09877045195624,0.321133161656319,-0.321133161656319
62,1.56030294566606,-6.61894923213458,2.17439717313939,2.88424911332913,0.109312888395565,2.01978567073277,-2.12909855912834,1.72520104230996,1.28715624815421,-0.0541460946749028,-2.95821119578926,-0.243827029337441,0.243827029337441
63,1.46126642859129,-6.25246156851811,2.48188563226714,2.30930950765968,0.452047666475031,2.90829133168009,-3.36033899815512,1.67463899063363,1.16403656283783,-0.461374679620021,-2.37730087385144,-0.0512235177962008,0.0512235177962008
64,-0.263666069824189,-4.54848753840459,1.38515940643444,3.42699420179434,-0.610155274694349,0.329837575571322,0.280317699123027,0.489223645984413,0.528580211639034,-0.0990625392450683,-0.918741318378379,-0.323167579661629,0.323167579661629
65,0.74761636328168,-3.54397257001229,-0.0540063809702785,2.85036258770089,0.441931044996838,-0.445139987254231,0.00320894225739271,-0.348577423598642,0.106376621230002,-0.097530903094233,0.339731705462873,-0.453592296440996,0.453592296440996
66,0.00149820272295476,-5.59167342187096,1.98281201346135,3.60736320568666,0.426309413041946,0.200479392964737,-0.626788806006682,1.23600364160078,1.14726106931918,0.0187751402562282,-2.40203985117618,-0.5543355500413,0.5543355500413
67,0.837631529690332,-3.8505467234381,1.8154180679824,1.19749712576537,0.903748351890125,2.17707714129142,-3.08082549318155,0.709207767138675,1.15969273916629,-0.366171761823861,-1.5027287444811,0.362049981687869,-0.362049981687869
68,0.202628062176195,-2.06837671688831,1.28084756770357,0.584901087008555,0.0985487808888752,0.255690800458413,-0.354239581347288,-0.706354026385111,0.167135135677045,0.266863833905828,0.272355056802238,0.13254580231007,-0.13254580231007
69,1.03663993846562,-7.21218345570726,2.884384484481,3.29115903276064,-0.522515097092432,1.30878612669197,-0.786271029599535,2.50969910158419,2.32566167203501,-0.908744231951755,-3.92661654166745,-0.067261006549682,0.067261006549682
70,-0.00487635688915751,-5.19762069947665,1.98904731111657,3.21344974524924,-0.556123759261155,1.49173895511647,-0.935615195855313,1.2878089343973,0.878531123734639,-0.719340607583265,-1.44699945054867,-0.103144522397517,0.103144522397517
71,0.0776758151747675,-0.218661352970356,-0.346629228276061,0.487614766071649,-0.754973961618986,0.587881813955333,0.167092147663653,0.734546454061989,0.191629147195955,-0.350511854807567,-0.575663746450377,-0.176647293844526,0.176647293844526
72,0.510584632313195,-4.01202822795382,2.16301354815202,1.33843004748861,1.1192319050459,-1.04968288595221,-0.0695490190936945,0.383052043336253,0.266787971369874,0.185025860363373,-0.834865875069501,0.102953187510099,-0.102953187510099
73,0.276334145656624,-0.810347372726118,0.488460781462351,0.0455524456071433,0.762334047894319,0.247607931447862,-1.00994197934218,-0.62323828752356,0.486096382801608,-0.219387753304735,0.356529658026687,0.0406769779386348,-0.0406769779386348
74,3.31866882829468,-6.13557884513846,2.02313872457925,0.793771292264529,0.264700111220933,1.40031938852257,-1.6650194997435,1.774641433091,1.84543218375789,-0.456399327547456,-3.16367428930144,0.231259635714709,-0.231259635714709
75,2.86767153745715,-5.30833141500023,1.1036329844118,1.33702689313128,0.285341347309074,-0.0908643957879623,-0.194476951521112,1.60008445482765,1.72457172973374,-0.624483641451538,-2.70017254310985,-0.488890895556667,0.488890895556667
76,2.64848658093722,-3.59356555415438,-0.166341679663826,1.11142065288099,0.941907480563244,-1.47244865315822,0.530541172594973,0.471565053802931,0.26942536340087,0.0727971030086642,-0.813787520212466,-0.147934291850751,0.147934291850751
77,0.0476183070574227,-5.40361180184095,2.14466075776836,3.21133273701516,0.965075194763565,-0.762554898490617,-0.202520296272948,0.694325456394701,1.08633637771591,-0.0100688874561435,-1.77059294665446,0.222869997042214,-0.222869997042214
78,0.348571296760888,0.043713789494206,-0.0810663512648356,-0.311218734990258,0.0819249467114752,-0.792308776709319,0.710383829997844,-0.470266224207173,0.711510241548407,0.194098373393975,-0.435342390735209,0.0620810232432952,-0.0620810232432952
79,1.5777556897792,-2.74377314781675,0.401639948850309,0.764377509187251,1.00380556340553,2.71908802495261,-3.72289358835814,1.26223245838025,0.485091235414649,-0.195323548902424,-1.55200014489248,0.245671316828299,-0.245671316828299
80,3.20444948656513,-5.57048299299909,0.635757523620232,1.73027598281374,0.303446773665012,0.581961728657833,-0.885408502322845,1.58286215521457,1.36587215599387,-0.496066884839737,-2.4526674263687,-0.614397003768238,0.614397003768238
81,2.84336899233445,-3.45220392237061,0.578322585761488,0.0305123442746724,-0.242569154643899,1.89343498932127,-1.65086583467737,1.3513465783472,1.15462428194531,-0.532457288672325,-1.97351357162019,-0.691701993796297,0.691701993796297
82,-0.853905857947585,-4.06079137634545,1.91981504149071,2.99488219280233,-0.308094357957409,1.1545738959497,-0.84647953799229,2.19973194977504,1.64288413098144,-0.827187505645107,-3.01542857511137,-0.00324978085564041,0.00324978085564041
83,1.32068369918443,-0.698996958465034,1.81101704603928,-2.43270378675867,0.22607120331622,1.07001506634584,-1.29608626966206,0.70273440874176,0.0408313056628612,0.229704029813374,-0.973269744217996,0.0323164841639622,-0.0323164841639622
84,0.103682719502173,1.88033295570631,-0.720303791810567,-1.26371188339791,1.51919112613981,-0.610519997407844,-0.908671128731966,-0.454442777688259,-0.237958380156712,0.746520289891378,-0.054119132046407,0.275525333513229,-0.275525333513229
85,1.33200786879936,-5.58716034867612,2.16231588896248,2.09283659091428,0.428175690218636,2.59831771250303,-3.02649340272167,1.3098807813549,0.527282500000106,-0.03084107501445,-1.80632220634055,-0.107385961554828,0.107385961554828
86,1.26524100599139,-5.05684081849045,1.97785296029134,1.81374685220772,-0.0343022958309745,2.30170135246663,-2.26739905663565,1.07811213163214,0.755749895396677,-0.707163652762134,-1.12669837426668,-0.00310851279192075,0.00310851279192075
87,1.60834137112858,-5.10329552334609,2.75424534040086,0.740708811816649,-0.319299940727852,-0.0676308163037333,0.386930757031585,1.32173100523932,1.89018428925845,-0.450002896088209,-2.76191239840956,-0.245970492205858,0.245970492205858
88,1.31721774093714,-4.50078158537773,0.855392560096403,2.32817128434419,0.094430720025181,1.47069892335228,-1.56512964337746,0.380985362997162,-0.157334166593938,0.176226006194426,-0.399877202597651,0.601979589059125,-0.601979589059125
89,3.30176204558574,-5.0103106390391,0.263999557197294,1.44454903625607,0.515758176568988,0.663988684911945,-1.17974686148093,1.14038510803418,0.669607376071719,-0.340154402311582,-1.46983808179432,-0.555690207547868,0.555690207547868
90,2.11594347362088,-6.41341662499753,2.70698989626461,1.59048325511204,-0.429876618257346,1.18716844285485,-0.757291824597501,2.49511076928794,2.10833789170048,-0.972996457931619,-3.63045220305679,-0.260170048701598,0.260170048701598
91,-0.405707342244805,0.44881211993128,0.356563465590722,-0.399668243277197,0.612647427101768,0.0950036786733577,-0.707651105775126,-0.193661533624413,0.76244199812794,-0.0941943146674023,-0.474586149836125,-0.482005040153557,0.482005040153557
92,0.0915523728858986,-6.08506854646657,1.87987740178358,4.11363877179708,0.347172234806717,0.120935383710299,-0.468107618517016,1.55978536504772,1.81485933789317,-0.493170183555937,-2.88147451938495,-0.330559027300035,0.330559027300035
93,0.37965693854879,-7.13896327639982,2.95307582653152,3.8062305113195,-0.288675872883257,1.55759991034368,-1.26892403746043,2.38634764402579,1.97785530807186,-0.671968130720345,-3.69223482137731,-0.225587619176582,0.225587619176582
94,2.40102108472059,-6.46663856107345,0.852990690357233,3.21262678599564,0.528802766945382,1.04932078079122,-1.5781235477366,1.82196632792693,1.85100921432778,-0.449057677616844,-3.22391786463786,-0.545427545506256,0.545427545506256
95,0.460402568650073,0.144175441858296,-1.05708963483743,0.452511624329064,0.201360830000251,-1.29023904644688,1.08887821644663,-0.513165248316563,0.167550726486774,0.263897146499045,0.081717375330743,0.0036462854618998,-0.0036462854618998
96,0.0883535675639264,-3.94312104118549,2.56809006301287,1.28667741060869,0.0960424361357623,-0.0231284516067532,-0.072913984529009,-0.000222224316759403,0.700948250241366,-0.438076936438049,-0.262649089486558,0.584849922794605,-0.584849922794605
97,0.141554976780466,-2.30319869601976,0.447549068930407,1.71409465030888,-0.534545250731967,1.5234250867479,-0.988879836015936,2.23634859588182,1.76620723729566,-1.19733517911245,-2.80522065406503,0.0418553287387976,-0.0418553287387976
98,3.26938050624732,-5.54470913286818,0.387758764609611,1.88756986201125,0.308234338008133,1.73609555893694,-2.04432989694507,1.05142404720803,1.12444676880404,-0.247990312153107,-1.92788050385896,-0.147261330713234,0.147261330713234
99,3.12084293887582,-5.31482418308605,1.56952277913946,0.624458465070766,0.58245099621595,0.21907218523872,-0.801523181454671,1.78583511068108,1.49384574799238,-0.473531556317529,-2.80614930235594,-0.158778009651344,0.158778009651344
100,0.499712699514643,-0.167420037590912,0.0173165819426129,-0.349609243866345,0.15770695875447,2.97797586876136,-3.13568282751582,-0.381051434635621,-0.259351779117526,0.393719556605867,0.246683657147281,-0.214445425139241,0.214445425139241
101,3.12414648597997,-6.05160009246257,1.9458203175147,0.981633288967899,0.28245128184675,1.39503214872041,-1.67748343056716,1.60640667140799,2.103927661271,-0.540876084824553,-3.16945824785444,0.316754431334537,-0.316754431334537
102,-0.634262079512316,-3.64045544390509,1.12420506577491,3.1505124576425,-0.200727821332303,0.557249517179445,-0.356521695847142,-0.386809091285429,-0.657026476494792,0.323429103054981,0.720406464725241,-0.0749327095065998,0.0749327095065998
103,2.7404026103624,-6.64178298870043,1.44487548975371,2.45650488858431,-0.0321641216642656,1.21720637251036,-1.18504225084609,2.53153090818806,2.19998727054469,-1.10419913717431,-3.62731904155843,-0.212482306012013,0.212482306012013
104,0.570929500873508,-5.70997975404551,1.25706237102312,3.88198788214888,0.809595911309112,0.97113280922166,-1.78072872053077,1.066143797562,1.00510996957971,-0.306229771033929,-1.76502399610778,-0.273194309788188,0.273194309788188
105,1.50262940133064,-1.28218877788417,-0.479165386203979,0.258724762757501,0.44877665813997,-0.105063077520844,-0.343713580619126,1.23560580393644,0.391194812516384,-0.537299010170174,-1.08950160628265,-0.30214735225658,0.30214735225658
106,0.297233866493563,-1.26871557782381,0.991481861130048,-0.0200001497997995,-0.0378190353278382,0.131205240849628,-0.0933862055217902,0.0314154619445523,0.0565699987294421,0.0728955174569812,-0.160880978130976,-0.0183404078283094,0.0183404078283094
107,0.504369577383617,-5.31503096585,3.26386841842661,1.54679297003977,0.334324316971503,1.93038182512905,-2.26470614210055,0.999996668751627,1.12161351129639,-0.217305958306484,-1.90430422174153,0.2280681085634,-0.2280681085634
108,2.03682723855905,-5.459284574899,2.13258864937532,1.28986868696463,0.789109078233474,1.94673827998966,-2.73584735822314,0.923272330169454,0.711641034341943,0.0532706194972449,-1.68818398400864,-0.0400248973175966,0.0400248973175966
109,1.79913489271594,-3.87344861856017,0.666484644574906,1.40782908126933,0.109945321359943,-0.449889754330918,0.339944432970975,0.107527488901477,0.0782696575549001,0.523146052631066,-0.708943199087443,0.171224984036848,-0.171224984036848
110,1.13792134872763,-4.6310476676027,3.05985696139459,0.433269357480486,0.0140507363402389,1.0986169822895,-1.11266771862974,1.31060352383915,0.841819326023078,-0.572503837537284,-1.57991901232495,-0.0112091734598099,0.0112091734598099
111,1.78581722954172,-1.9309489866912,0.114604010881453,0.030527746268028,1.52385702131609,0.33239235766908,-1.85624937898517,-0.0533955472079964,0.230340672619523,0.0261161264266708,-0.203061251838197,0.483585300778795,-0.483585300778795
112,2.75510790560975,-5.43314261164869,0.332872847164833,2.3451618588741,0.886894522646177,1.30780779204966,-2.19470231469584,0.942408385592959,0.851757714400824,0.00110124998708348,-1.79526734998087,-0.208072110900348,0.208072110900348
113,0.205568045584975,-3.7326104966461,1.13792591952984,2.38911653153129,0.167104961721388,-0.0423497519408481,-0.12475520978054,-0.0505945495593527,-0.207906461196026,0.16098926409252,0.0975117466628591,0.112665500818298,-0.112665500818298
114,2.27970445411086,-5.86739349130271,1.55970254648383,2.02798649070803,0.567215309740362,1.95269590398178,-2.51991121372215,1.95880475366577,1.19541207015062,-0.996796058492095,-2.1574207653243,-0.410674045207861,0.410674045207861
115,-0.11445906740116,-0.0467681510988956,-0.485342978871742,0.646570197371798,-0.439608408673749,0.337690281469842,0.101918127203907,-0.899148443337875,-0.923034778320346,0.302663535976942,1.51951968568128,0.253526670882875,-0.253526670882875
116,2.10124082461232,-4.30051466386847,1.274991167167,0.924282672089145,-0.46125947858284,1.70755720931938,-1.24629773073654,0.525219509457706,0.0552304774719859,-0.201357301013132,-0.37909268591656,0.222762138057455,-0.222762138057455
117,1.23620094599498,-1.6364458204486,0.406099671794279,-0.00585479734066169,-0.369524753188136,2.68018991832055,-2.31066516513242,1.24590086473322,1.05739224205469,-0.862870122282656,-1.44042298450526,0.0959684185820869,-0.0959684185820869
118,1.39075801041487,-3.64153787567145,1.53676011971399,0.714019745542584,0.184504236983717,-0.46077824332289,0.276274006339172,-0.308632950273794,-0.0665163622273352,0.459374145100437,-0.0842248325993069,0.143874170864332,-0.143874170864332
119,0.865120668066499,-0.97141236964858,1.0597800893871,-0.953488387805022,0.281111858968318,0.000704432959477895,-0.281816291927796,0.478811126255243,0.0430789899633661,0.29330215239175,-0.81519226861036,0.341400089364127,-0.341400089364127
120,1.93076357147385,-5.84376046333861,1.09156473673126,2.8214321551335,-0.505698037127485,0.162026770458219,0.343671266669266,1.70477815404775,1.81905787809246,-0.630289563137743,-2.89354646900246,-0.265267370096427,0.265267370096427
121,-1.72198920255427,1.46936476727528,-0.413845201799037,0.666469637078031,-0.129008197788206,-0.215233252546505,0.344241450334711,0.00337139786137103,-0.379165717353435,0.152273703861482,0.223520615630581,-0.319255276415145,0.319255276415145
122,2.92817494307442,-5.54215019238149,0.631753863187336,1.98222138611973,0.30089159319093,1.24618990700179,-1.54708150019272,1.32831046627618,1.73684349144271,-0.322498415847975,-2.74265554187092,-0.124975139024432,0.124975139024432
123,0.420229527191287,-7.01314769986601,2.84620167407187,3.74671649860285,0.194738582504824,0.764618440512472,-0.959357023017296,2.16414770426413,1.83314992933884,-0.706358582101289,-3.29093905150168,-0.224161417097587,0.224161417097587
124,1.98370545572522,-6.43480854258004,2.04544742248791,2.40565566436691,0.236785039791174,0.777444424564718,-1.01422946435589,2.60772741607761,2.25091121475272,-1.06006177150678,-3.79857685932355,-0.179804243754964,0.179804243754964
125,1.23030223722653,-0.857727439311519,0.151062036217396,-0.523636834132402,-0.679214769974413,0.34782301081263,0.331391759161782,0.109192105893554,-0.0378917332027393,-0.282995124622754,0.21169475193194,-0.20087404805068,0.20087404805068
126,1.23444126227214,-0.417966491116638,-0.173925035270087,-0.642549735885419,-0.546742828145452,1.01143904580593,-0.464696217660478,0.215850124416643,0.957121557124792,-0.185597559747427,-0.987374121794008,-0.0333928139995127,0.0333928139995127
127,1.69823844670389,-6.95901340986291,0.915796467121168,4.34497849603784,0.37071671098492,1.24156008171501,-1.61227679269993,1.81708877940497,1.96794018016398,-0.602338154935965,-3.18269080463298,-0.443615244580844,0.443615244580844
128,-0.383648357432895,-1.0380561025961,1.06563314169558,0.356071318333407,-0.536537392447501,0.087395166536367,0.449142225911134,-0.16344885072476,0.0432138330005447,-0.22441494469909,0.344649962423305,0.17500196324823,-0.17500196324823
129,0.673422283971014,-1.14108433981891,0.569157239440759,-0.101495183592859,0.441163419883953,2.7377275583751,-3.17889097825906,0.162557865939654,0.00504855067194856,0.38673904301811,-0.554345459629713,-0.228922660690312,0.228922660690312
130,-0.261990708549194,-1.0540533646722,0.191341750542798,1.1247023226786,0.298827079098642,-0.899196920441354,0.600369841342712,0.459998412521347,0.17009320589723,0.270020523072806,-0.900112141491383,-0.0149559648372437,0.0149559648372437
131,2.84782333165127,-6.49558052362424,1.41309069509468,2.2346664968783,0.270150120085442,1.55193142383427,-1.82208154391971,2.51459951861965,1.7878488647295,-0.724271676669791,-3.57817670667935,-0.396216152451992,0.396216152451992
132,1.46058642356418,-5.85582452648887,0.587629144258006,3.80760895866669,0.499321553314254,1.46338808961541,-1.96270964292966,1.35024441538928,1.15231496118441,-0.410548438065309,-2.09201093850839,-0.314400805225221,0.314400805225221
133,0.345674476279693,-6.63980895793284,2.05769304321276,4.23644143844039,0.0209666961800746,0.807981713469157,-0.828948409649231,1.37205229999767,1.84865801191879,-0.327820274280522,-2.89289003763594,-0.377361111002525,0.377361111002525
134,0.560525916759177,-4.80441660776336,1.54640487790624,2.69748581309795,-0.0380353811116657,1.0715564519515,-1.03352107083984,0.16337688486939,0.212388219054231,0.339014427610326,-0.714779531533947,-0.590538607965523,0.590538607965523
135,-0.302211248091691,-3.96464641672343,2.83989731780996,1.42696034700516,0.886929897645683,-1.15648579388178,0.269555896236096,0.503390138159481,0.234145348600236,0.277805317999482,-1.0153408047592,0.0709811396465035,-0.0709811396465035
136,0.00350790593739868,-5.51444066468941,1.76297108641623,3.74796167233578,-0.102666924674267,0.0421206579006503,0.0605462667736169,0.639653726147356,1.20478454257642,-0.200339595664322,-1.64409867305945,-0.196327285891277,0.196327285891277
137,0.0869433386692865,0.14310250922877,-1.03474116489235,0.804695316994294,0.303880254327267,-0.429459051433288,0.125578797106021,-0.495715607274542,-0.331721512903509,-0.0984957959167256,0.925932916094777,-0.187934148225536,0.187934148225536
138,2.38978314252308,-6.72421813352405,2.07458276453644,2.25985222646453,0.249618145173836,1.50276193211547,-1.75238007728931,2.51351507434558,1.82092661006129,-0.839511893221601,-3.49492979118527,-0.393731651233437,0.393731651233437
139,2.92184972352315,-4.92656398184514,0.867348388206876,1.13736587011512,0.465665861643729,-0.369708995120962,-0.0959568665227671,0.927617647975719,1.35589405771439,-0.163601154306811,-2.1199105513833,-0.414394033879604,0.414394033879604
140,0.830047808030166,-6.62236502942659,1.44023527090198,4.35208195049445,0.351329973488219,1.08539546977451,-1.43672544326273,1.60266238714548,1.8848479859658,-0.425307605985013,-3.06220276712626,-0.36217614341741,0.36217614341741
141,0.255455706093153,-5.7485649672697,3.28385560491374,2.2092536562628,0.425436676605447,1.4033156334129,-1.82875231001835,1.29010110243548,1.19151080784119,-0.642208851870258,-1.83940305840642,0.00181686332560365,-0.00181686332560365
142,1.70302013667251,-6.86545278589901,1.93469292911927,3.22773972010723,-0.482923437840146,1.13563049284222,-0.65270705500207,2.43235435449576,2.20924219133147,-0.94910098044342,-3.69249556538382,-0.132375580479601,0.132375580479601
143,1.89848701004062,-5.10574461618144,1.35829408679861,1.84896351934221,0.380203580890455,2.33094880266283,-2.71115238355329,0.708750587212686,0.481073967331095,-0.344930122506314,-0.844894432037468,-0.101572539616146,0.101572539616146
144,-0.891769020344551,0.749184132758124,-0.336266549019346,0.478851436605773,-0.243448478283348,0.500117616382397,-0.256669138099049,0.226257398759576,0.182271598913425,-0.11372586665247,-0.294803131020531,-0.228259960966472,0.228259960966472
145,1.67128293732908,-4.8868712006155,0.889159878218044,2.32642838506838,-0.576795890898854,1.86631839093575,-1.2895225000369,1.0248384652423,0.18125405798898,-0.0934415847890527,-1.11265093844223,-0.194107074808186,0.194107074808186
146,0.833197481577222,-2.58044096971195,1.7783371168951,-0.0310936287603729,0.946898204641384,0.666913456188079,-1.61381166082946,0.346572616574233,-0.634309130839769,0.15875874273345,0.128977771532086,0.250591315871514,-0.250591315871514
147,2.81869359625634,-6.33827510355434,1.32940882847174,2.19017267882626,0.330026017069358,1.46456035161591,-1.79458636868527,2.45912856765567,1.6848660621472,-0.720598541006529,-3.42339608879635,-0.429180156516377,0.429180156516377
148,1.18078579130874,-0.261025691967502,0.0419100568227617,-0.961670156164002,-0.479875517578991,0.412657006831572,0.0672185107474197,0.169996628221658,0.0211033586163423,-0.128664879463034,-0.0624351073749663,-0.0146773806192281,0.0146773806192281
149,1.38387131504592,-5.2279379778725,3.12980519223679,0.714261470589786,0.398888440595419,0.204086280935964,-0.602974721531383,1.67971116777768,1.42414177101723,-0.611569284798922,-2.49228365399598,-0.115664818833695,0.115664818833695
150,0.331960141442799,0.0994027372056997,-0.630606974353853,0.199244095705354,1.38214336439953,0.396321133508136,-1.77846449790766,0.075257362151743,-0.0688674293537089,-0.541444459718761,0.535054526920727,-0.147686609421116,0.147686609421116
151,0.50260971861295,-1.42866286852594,-0.292784172630403,1.21883732254339,0.975655475904897,0.178107187251598,-1.15376266315649,0.591130374058982,-0.016404083731025,-0.173001873372138,-0.401724416955818,-0.0380891458555158,0.0380891458555158
152,2.62452566813451,-5.57272665540025,1.64293828827533,1.3052626989904,0.572998680708284,1.8748354797567,-2.44783416046498,1.21641178900656,1.06091993863147,-0.106337001930517,-2.17099472570752,0.124960075613009,-0.124960075613009
153,0.389610061717443,1.46756514519455,-1.15412873718149,-0.70304646973051,0.0985206930806213,-0.0476697161190109,-0.0508509769616104,-1.68875921682397,-0.909645773077001,0.771215742813414,1.82718924708756,0.132442739793805,-0.132442739793805
154,0.773663115538114,-1.2490949781209,0.501296142122754,-0.0258642795399632,-0.235258752975264,0.401525721465373,-0.166266968490109,-0.260181001020734,0.508072480302907,-0.670297262081566,0.422405782799394,-0.110794599855374,0.110794599855374
155,3.21220460365393,-6.18918679909266,1.34594952994053,1.6310326654982,0.421870335177352,1.38382711561296,-1.80569745079031,2.10855941262265,1.67581246553223,-0.45513934666825,-3.32923253148663,0.157238793998665,-0.157238793998665
156,0.504744906122245,-6.54331681326516,2.68877887510703,3.34979303203589,-0.317890207116424,1.17193994074072,-0.854049733624292,1.97803232092878,1.24348809888479,-0.344164001891846,-2.87735641792172,-0.397894360063355,0.397894360063355
157,0.986496357053564,-4.54638225166128,2.44165783022883,1.11822806437888,0.0799058186623259,1.50732738879552,-1.58723320745784,1.09537842415127,0.235288528229575,-0.338842037272484,-0.991824915108366,0.465353874927604,-0.465353874927604
158,0.989739451282537,-1.17130808933061,-0.265221068179238,0.446789706227316,-0.51055813479535,1.41023201994221,-0.899673885146865,0.27578763570798,0.117702058212947,0.0197558561029829,-0.41324555002391,-0.16238194109194,0.16238194109194
159,2.45747133393276,-5.06048833604614,0.87841363760584,1.72460336450754,0.5701433613836,1.58623308394251,-2.15637644532611,1.0690545254263,0.151373199908742,0.0599490039154804,-1.28037672925052,0.323543447612602,-0.323543447612602
160,1.35640050467813,-4.94444939638198,1.41515229869278,2.17289659301107,-0.457017165411202,1.35828137940745,-0.90126421399625,0.804487655847519,1.31317850908833,-0.320519340966754,-1.79714682396909,0.443056775648222,-0.443056775648222
161,1.73495880150017,-7.09258135087299,2.02156197156479,3.33606057780803,0.289143595042889,0.692029317827596,-0.981172912870485,2.75538399043311,2.21199580097899,-1.12289298117489,-3.84448681023721,-0.0150726832477093,0.0150726832477093
162,2.05947203144389,-3.75525131870528,0.535353562422413,1.16042572483898,0.432339566608596,0.0332196134360368,-0.465559180044633,0.608833665231399,0.851361790922976,-0.482901303321519,-0.977294152832856,-0.500680224465004,0.500680224465004
163,0.747315668670407,-0.662322528263033,-0.447995251482922,0.363002111075548,-0.246729764394625,0.301401441475516,-0.0546716770808909,0.310331099021897,-0.211390514379816,-0.0591359004718597,-0.0398046841702217,0.0384016463573529,-0.0384016463573529
164,1.76778712720099,-5.43690565070434,2.89938888638255,0.769729637120802,0.140242174083496,0.0312571397209809,-0.171499313804477,1.99071617316036,2.19095486823119,-0.776542354175868,-3.40512868721568,0.0102003280375617,-0.0102003280375617
165,-0.233013229750417,-1.24482557010967,1.35550912909987,0.122329670760219,0.3178404926982,0.932416568532335,-1.25025706123054,1.01876007380651,1.22588583489137,-0.0289302098838208,-2.21571569881405,0.74087742893252,-0.74087742893252
166,1.59310152536848,-3.25488598349809,1.03681209819933,0.624972359930277,0.300562758201266,2.18979722259502,-2.49035998079628,0.893938270471891,-0.318888937818126,0.193114493667538,-0.768163826321303,-0.0867075246160483,0.0867075246160483
167,0.644977516745644,0.0766344876787668,-0.655699314354938,-0.065912690069473,0.436372569031661,-0.632147418685343,0.195774849653682,0.221195082466252,0.617167758053296,-0.415158165060458,-0.42320467545909,0.419401980565726,-0.419401980565726
168,-1.15987514649877,-1.65475051516506,1.75731787960146,1.05730778206237,0.283103730386455,0.586054543300417,-0.869158273686872,1.30175109283923,1.33661631011198,-0.659982723616851,-1.97838467933435,0.122999222697836,-0.122999222697836
169,0.806042479516603,-2.55023374555413,0.214185093948431,1.5300061720891,-0.457523037716278,0.669612734626908,-0.21208969691063,0.251372890694036,1.2059753879266,-0.575550822521477,-0.881797456099163,0.338175150247888,-0.338175150247888
170,2.64900785232123,-6.69724781005501,2.3376764665256,1.71056349120818,-0.0991444493440811,1.4369473176317,-1.33780286828762,2.60018708638629,2.20829049445999,-0.988077804331839,-3.82039977651444,-0.259236423148637,0.259236423148637
171,2.13820589410873,-6.95312413094404,1.42941178035547,3.38550645647984,-0.506939428637384,1.1940651210046,-0.687125692367213,2.41865683119598,2.24668332444888,-1.0922834164922,-3.57305673915266,-0.135218384950691,0.135218384950691
172,2.56051930787292,-5.91036194079421,2.55814243120373,0.791700201717565,-0.188304862330263,0.565119722749886,-0.376814860419623,2.13160881825975,2.04565469331861,-0.929844658796464,-3.24741885278189,0.0360248526249802,-0.0360248526249802
173,2.07412454508324,-5.69584206225972,1.61018673513946,2.01153078203701,0.418898322673259,2.80399002278266,-3.22288834545592,1.46128163975147,0.5837460523817,-0.259674854299998,-1.78535283783318,-0.231929154545472,0.231929154545472
174,2.18174292560085,-4.49019786447609,1.84983194430832,0.458622994566918,-0.0773695936088634,-0.152418791809988,0.229788385418851,0.839262672121795,1.1301654876853,-0.407003034393664,-1.56242512541343,-0.469744068344065,0.469744068344065
175,2.71877528692832,-5.47792136219827,0.551900084135802,2.20724599113415,0.352401061771589,1.31327356774219,-1.66567462951378,1.19116733381663,0.516655295473376,0.0177627969926629,-1.72558542628267,-0.713535377716541,0.713535377716541
176,-0.425371023939865,0.0207538443581569,-0.294401712843021,0.699018892424729,0.321006739518542,0.137525543399642,-0.458532282918184,-0.268518772691394,-0.654020153306327,0.288520792199633,0.634018133798088,-0.402518762020927,0.402518762020927
177,0.15920321424607,-0.0934596970059916,-0.0920236558394531,0.0262801385993744,-0.105465820099822,-0.0575861592475345,0.163051979347357,-0.443629396593347,0.025157764986469,-0.300944675500107,0.719416307106985,-0.260627187262143,0.260627187262143
178,2.53135277179213,-6.25164202064843,2.09086526056844,1.62942398828786,-0.429377901499739,1.10806659581687,-0.678688694317135,2.53625151186081,2.19773758555358,-1.05087143348004,-3.68311766393435,-0.190014504263082,0.190014504263082
179,0.950397087387796,-0.737125619715454,-0.0163420718184105,-0.196929395853931,0.390524043664061,-0.088459102157023,-0.302064941507038,0.268111550342626,-0.3405726020881,-0.0545693089415247,0.127030360686999,0.168386444448147,-0.168386444448147
180,-0.246013301656194,0.291145048519878,-0.0156487920999425,-0.0294829547637417,0.178353327277961,-0.248804250362193,0.0704509230842316,0.515980924362846,-0.297333538603099,0.506902196155355,-0.725549581915103,0.0256633480938293,-0.0256633480938293
181,3.13771197641761,-6.06785565553842,1.24025464142308,1.68988903769774,-0.458365678322521,1.11384285824661,-0.655477179924085,2.33924230574636,1.91726441744134,-0.971182362550661,-3.28532436063704,-0.171255465451767,0.171255465451767
182,1.43180501423704,-5.71963877348031,3.54848934766699,0.739344411576282,0.11000273387856,0.823821161877992,-0.933823895756552,2.10483147345253,1.92802204284963,-1.04075751303813,-2.99209600326403,0.0183250929620157,-0.0183250929620157
183,2.6435156372501,-4.14780317031727,1.3704488559851,0.133838677082062,0.746324553233765,-0.2737997667837,-0.472524786450065,0.39687562923526,0.43656903042657,0.463689256337156,-1.29713391599899,0.0602396417510167,-0.0602396417510167
184,3.46339609127524,-6.86141632606709,1.46842068317334,1.9295995516185,0.0996260104284618,1.28101175494678,-1.38063776537524,2.7458450263812,2.21823413318977,-1.22108748789139,-3.74299167167958,-0.292180386626119,0.292180386626119
185,3.37510976916519,-6.60472029070813,1.45448090055955,1.77512962098339,0.00555563899916592,2.04221887182978,-2.04777451082895,2.20842443708752,1.96419380744938,-0.63915988129437,-3.53345836324253,0.101087180375498,-0.101087180375498
186,2.50868067301757,-5.82731739211069,1.83962521606518,1.47901150302793,0.313441404040543,0.714871552055753,-1.0283129560963,2.57340615989292,1.83847293048473,-0.987736292225267,-3.42414279815238,-0.213099954827624,0.213099954827624
187,0.291686355227446,-0.907635182286218,0.539650187925187,0.0762986391335845,-0.40478884357479,0.464600565416712,-0.0598117218419224,1.44382488708824,2.08480950080089,-1.20921247546656,-2.31942191242257,-0.0252906855729778,0.0252906855729778
188,1.8590087578244,-4.16560092746917,1.21997970862786,1.08661246101691,0.636946509016791,0.0722662100894941,-0.709212719106285,0.253736745222817,0.341728590851595,0.328446928161419,-0.923912264235832,0.580598392743216,-0.580598392743216
189,1.52567429115728,-2.57423868803219,1.00377805233747,0.0447863445374412,0.658024115321613,2.38109938974808,-3.0391235050697,0.958624686147175,0.742109433287037,-0.350516211052743,-1.35021790838147,0.306015110344176,-0.306015110344176
190,1.39823025717312,-6.33157833758278,3.16097561553684,1.77237246487281,-0.24873701616635,0.656712448193281,-0.407975432026931,1.96729561211653,2.1771763811208,-0.707941290081297,-3.43653070315603,0.0624071842888671,-0.0624071842888671
191,1.79145550981081,-2.12939459365417,1.64227898315507,-1.30433989931171,-0.105385462592818,1.03359575075131,-0.928210288158492,1.98249097704245,1.82784243361775,-0.904111637873441,-2.90622177278676,-0.375519442044975,0.375519442044975
192,0.604810886300847,-2.38385006345572,-1.12931206566903,2.9083512428239,0.275473653925122,1.56859925558051,-1.84407290950563,0.355397693430044,0.992174474133735,-0.144289993006855,-1.20328217455692,-0.220057726293371,0.220057726293371
193,0.598039739159599,-2.05273341560109,0.300636627903322,1.15405704853817,0.883119003419558,1.69828652259934,-2.5814055260189,1.13905654359239,0.0195061898804775,-0.18393450997572,-0.974628223497147,0.00355360962524434,-0.00355360962524434
194,4.44389286008531e-05,-5.55256437019759,2.30380863555601,3.24871129571298,0.643080935754302,-0.225701163317546,-0.417379772436756,1.08678844141535,1.63084297586452,-0.126427830764639,-2.59120358651524,-0.0903099677915309,0.0903099677915309
195,2.47250027357044,-6.44699547174298,2.21238465719779,1.76211054097475,-0.56470694396844,1.88686799213305,-1.32216104816461,2.015586244297,1.80718410574294,-0.640021490445075,-3.18274885959487,0.120447299518916,-0.120447299518916
196,0.586897476728638,-0.82573562024906,1.52455958692263,-1.28572144340221,0.438338193941172,2.15994776610718,-2.59828596004835,0.918148664789778,1.05409446817602,-0.656771602823648,-1.31547153014215,0.375833027047373,-0.375833027047373
197,2.33862815392503,-7.25004943463714,1.62328028914685,3.28814099156526,0.247072477017065,2.19022611384529,-2.43729859086235,2.03770722003029,1.8468946936741,-0.351015060837394,-3.53358685286699,-0.022783247260708,0.022783247260708
198,0.152511414904648,-0.092345774077697,0.617350934676301,-0.677516575503252,0.422797773782645,0.992210220452887,-1.41500799423553,-1.22853237627662,-0.645531055782389,0.0554847393100772,1.81857869274893,0.293347835481359,-0.293347835481359
199,0.328607997079973,-4.79809061575159,3.11713008446742,1.3523525342042,0.608957331761942,1.24286703791485,-1.85182436967679,0.623743524685386,0.265848048739156,0.0272311293578243,-0.916822702782367,0.501442704607145,-0.501442704607145
200,0.789037786100398,-1.53438427920032,-0.172316010488628,0.917662503588554,-0.20349584426398,0.545703224568388,-0.342207380304407,0.639793628560441,0.249614105712802,0.462503386819833,-1.35191112109308,0.0059105098030361,-0.0059105098030361
201,1.92209222950455,-7.71927285137508,1.74481560206565,4.05236501980488,0.202776436781927,1.72369320490604,-1.92646964168797,2.55659171015619,2.14235770341223,-0.895454051008369,-3.80349536256006,-0.215021317615119,0.215021317615119
202,0.425394572376745,-0.357904014220106,-0.551914789461193,0.484424231304554,-0.281685647810605,2.583953271032,-2.30226762322139,0.82068439169621,0.575830665342241,-0.196592231270621,-1.19992282576783,-0.103337226310107,0.103337226310107
203,1.79246404722772,-3.35805960078109,0.823571121756472,0.742024431796902,0.47789310390422,-0.437835704609564,-0.0400573992946562,0.11817515089835,0.35133927315535,-0.382153630986894,-0.0873607930668055,0.310348207877545,-0.310348207877545
204,0.893876789936504,-4.62527248006669,1.55630110848863,2.17509458164156,0.418452749894797,0.957315547721678,-1.37576829761648,-0.0632915698377809,0.519187914688398,0.291413878625315,-0.747310223475933,-0.105558627234785,0.105558627234785
205,-0.0845573101303685,-4.63712037152204,3.01194015164749,1.70973753000493,0.585620295113707,-0.856268997035332,0.270648701921624,0.547533616686249,1.09031032043706,-0.00292014937477458,-1.63492378774853,-0.204027537497964,0.204027537497964
206,2.7779710116981,-6.38326162172206,2.14286974119808,1.46242086882588,0.603519047080359,0.999240647934059,-1.60275969501442,1.99672962723439,1.7964124023473,-0.649180914753009,-3.14396111482868,-0.235841998505449,0.235841998505449
207,0.739127946187178,-0.13689400628605,0.0505439386025989,-0.652777878503727,-0.126728485516347,0.523815276437721,-0.397086790921375,-0.467958896219557,0.56768823594835,-0.36714833037082,0.267418990642027,-0.152386252828457,0.152386252828457
208,0.227956728363211,0.0131886969546489,-0.107284142742532,-0.133861282575328,-0.222151281818656,-0.0734289648566711,0.295580246675327,0.256196288945058,0.121067229243662,-0.543569073462937,0.166305555274217,0.141813297994585,-0.141813297994585
209,2.19345315953056,-7.01394913683172,2.24633310222589,2.57416287507528,-0.160878587057032,1.44402681078986,-1.28314822373283,2.52328415179262,2.23982244177597,-0.976688894536388,-3.7864176990322,-0.12910512412426,0.12910512412426
210,1.00448066388798,-6.43582170400747,3.13893624418606,2.29240479593343,-0.271953153777488,1.48532020657111,-1.21336705279363,2.34788565691331,2.08064546345628,-1.29279062301467,-3.13574049735492,-0.113225247445915,0.113225247445915
211,2.10811292504181,-5.80200366744999,1.52958986828914,2.16430087411905,0.461032962223174,2.78866947551379,-3.24970243773696,1.85409275193064,1.00078218673324,-0.668603501195235,-2.18627143746865,-0.0245155331564802,0.0245155331564802
212,0.692666471176494,-1.77198067088935,0.456040241557496,0.623273958155364,0.179025984322219,2.84841374358085,-3.02743972790307,0.796935046431667,0.84327187414261,-0.513524884803176,-1.1266820357711,-0.352198056504181,0.352198056504181
213,2.51341688796571,-6.02316126082249,2.64884163396516,0.860902738891613,-0.238391200583371,0.566120187060807,-0.327728986477436,2.1657361056305,2.19262943848282,-0.865093460686841,-3.49327208342648,0.0600214677536511,-0.0600214677536511
214,-0.4887845541875,-3.82053249010711,1.64273681031636,2.66658023397824,-0.928333599445047,0.781883231109778,0.146450368335268,0.612818610839237,0.0683701712947596,-0.140673456495492,-0.540515325638504,0.125310290966061,-0.125310290966061
215,-0.126086884563007,-0.423864261140861,0.560811738371982,-0.0108605926681141,-0.125394480015867,3.01609275955461,-2.89069827953874,0.866648130808442,0.380361904261987,-0.426299208930031,-0.820710826140398,-0.113744489028073,0.113744489028073
216,1.83630391039994,-3.85379502935673,1.09522610133641,0.922265017620375,-0.144540100532797,0.411558108613163,-0.267018008080366,0.111506810730251,0.876906029620028,-0.432868412255436,-0.555544428094843,-0.153224872451946,0.153224872451946
217,1.22189653437424,-4.69863459018703,0.209235642607413,3.26750241320537,0.741056556387645,0.169938454768241,-0.910995011155886,0.223661612964599,0.655163142262905,-0.29961032545982,-0.579214429767684,-0.372448135935659,0.372448135935659
218,-0.115260350823718,-5.4991060716766,3.43000589469268,2.18436052780763,0.340819136549966,1.38356075677124,-1.7243798933212,1.21473036269844,1.28225443713056,-0.558716230307745,-1.93826856952126,0.0328441778998755,-0.0328441778998755
219,3.47851515279681,-6.70704900742083,1.54096287812291,1.68757097650111,0.026143079793806,1.46632868500622,-1.49247176480003,2.74133344260864,2.2218378676593,-1.14159687288664,-3.82157443738131,-0.25766775117489,0.25766775117489
220,0.988366572230061,-3.72268753124381,2.56112120649487,0.173199752518883,0.325670926598378,0.410176500159852,-0.73584742675823,0.374747573989018,0.0140977552416125,-0.33238199986415,-0.0564633293664806,0.0998695456084148,-0.0998695456084148
221,1.98958292588234,-6.05339067014769,2.99622659685797,1.06758114740737,0.867650952649985,0.983853290409265,-1.85150424305925,1.62125191712736,1.84765887314728,-0.563505249461289,-2.90540554081335,0.376531431345272,-0.376531431345272
222,2.12534412002583,-4.41710688595758,1.79604787413746,0.495714891794291,0.437947726601877,-0.913060573317833,0.475112846715957,0.8979408033712,1.18446261462792,-0.333700616079584,-1.74870280191953,-0.0758035238378729,0.0758035238378729
223,-0.143359672033189,-0.084176510377622,0.214126011016921,0.0134101713938905,0.240933553834689,1.98409198106271,-2.2250255348974,1.45394615018636,1.29857868335986,-0.904468626997194,-1.84805620654903,-0.216747999529505,0.216747999529505
224,2.41965883123512,-3.4509168947631,0.538155131268989,0.493102932258997,0.0176739248559533,-0.17748587737198,0.159811952516026,-0.339986783730767,-0.46836240699674,0.240441238561772,0.567907952165735,0.104322768527265,-0.104322768527265
225,0.311017779157808,-4.98245708689949,0.914785422641629,3.75665388510006,0.388396372413116,1.30929052141517,-1.69768689382828,0.337334201167878,0.781118062859295,-0.145851112267194,-0.972601151759979,-0.189800672389771,0.189800672389771
226,3.24895753902891,-5.83644470533528,1.16066997461454,1.42681719169183,-0.038476384243863,2.49247403477548,-2.45399765053161,1.99854666357055,1.27885040604721,-0.488468249614444,-2.78892882000331,0.129541445776601,-0.129541445776601
227,1.47124586139451,-5.87365272013305,2.8967605829513,1.50564627578724,0.830478782698779,2.13680385144898,-2.96728263414776,1.26393263978714,1.18419073495182,-0.392482746250522,-2.05564062848844,0.207090163358593,-0.207090163358593
228,0.003373487452153,0.285485858859201,-0.33761821902373,0.0487588727123755,-0.626637641281985,0.12237834490272,0.504259296379266,-0.368711849177251,0.170614535052225,-0.0587895996206024,0.256886913745629,-0.137076099266305,0.137076099266305
229,0.243042201609985,-6.07443910563759,3.47358616714428,2.35781073688332,0.724743056009555,0.469173060209919,-1.19391611621947,1.7025030211971,1.84038017425314,-0.672832365858598,-2.87005082959164,-0.0324548399777804,0.0324548399777804
230,0.468256780225561,-2.0407094341456,0.721992174384498,0.850460479535537,0.657186100380405,1.56394695852289,-2.2211330589033,0.265080275583273,0.435790999039862,-0.196615420963979,-0.504255853659157,0.582930965510601,-0.582930965510601
231,1.87193996461256,-5.52272480001188,1.13338462339569,2.51740021200363,1.1130650906347,0.870618665373215,-1.98368375600792,0.527644196434919,1.08637799377186,0.164805306352189,-1.77882749655897,0.119724670185365,-0.119724670185365
232,0.929513296915242,-0.785405102318298,0.858879128424054,-1.002987323021,0.506406495194008,-0.0191379384899046,-0.487268556704103,0.0437979301644057,0.339108729994095,-0.217561589834679,-0.165345070323822,-0.308030728349485,0.308030728349485
233,0.275643086107569,-0.0803243291221428,0.314488924739209,-0.509807681724635,1.17797121638648,-0.343241256416469,-0.834729959970012,0.188413088227102,0.726201611321008,-0.195375398797683,-0.719239300750427,0.398518780913038,-0.398518780913038
234,0.63816577122657,-5.970677643821,3.04590685597445,2.28660501661998,0.00484059243903307,2.51526984005605,-2.52011043249509,1.363178040123,1.01194448405918,-0.389910700583244,-1.98521182359893,0.0409731543267339,-0.0409731543267339
235,1.22308982989575,-1.3314488598579,0.612676236354774,-0.504317206392623,-0.149166635432825,-0.316905330681343,0.466071966114168,-0.784660904737162,-0.256216414244612,0.342709480124299,0.698167838857476,0.148418070047871,-0.148418070047871
236,3.37282735509732,-6.64893843989584,1.75507623256817,1.52103485223035,0.102709005524174,1.9710174361906,-2.07372644171478,2.08135451825325,1.94956735340435,-0.612426468745996,-3.4184954029116,-0.0100539951338319,0.0100539951338319
237,0.847659667441437,-2.67993323803008,1.13380615375269,0.698467416835957,0.827554104073301,2.66420604473046,-3.49176014880376,0.962907912625882,0.462921161549447,-0.160873303990598,-1.26495577018473,0.197411344947747,-0.197411344947747
238,1.31385946320738,-5.79120729144853,2.94948787863649,1.52785994960466,0.2157382165866,0.6969229525803,-0.9126611691669,1.8138183231433,1.63299067503881,-0.421776582131706,-3.0250324160504,-0.0975518655156108,0.0975518655156108
239,2.0452132750769,-5.4362598278824,2.22996989753289,1.1610766552726,0.0157855085008385,2.07397356559651,-2.08975907409734,2.2323600584701,1.33891165540257,-1.23498647786122,-2.33628523601145,-0.152770434606562,0.152770434606562
240,0.0082673195495313,-5.44287354331579,3.21457295298996,2.2200332707763,0.363598050799449,1.49115027841186,-1.85474832921131,1.38169238096135,1.11052385720473,-0.599475158960422,-1.89274107920566,0.127519985484861,-0.127519985484861
241,2.07816874774055,-4.51682274595635,0.809535257930751,1.62911874028505,-0.551902957978377,1.71785013286553,-1.16594717488715,0.514107901251263,-0.0839168746658627,0.275993598015622,-0.706184624601022,0.0952838540880254,-0.0952838540880254
242,0.488422926641621,-0.37564887899145,0.00922947785366056,-0.122003525503832,0.172931282764164,3.03129222703016,-3.20422350979433,0.224623633362453,0.101740272742832,0.152479695304454,-0.478843601409738,-0.226052643716793,0.226052643716793
243,2.60559342474286,-5.83206679763406,0.538736629166539,2.68773674372465,0.226345489205521,0.662519786705462,-0.888865275910983,1.80307089069306,1.93681540662102,-0.798047022777521,-2.94183927453656,-0.457430176699563,0.457430176699563
244,-0.27180219132207,-0.431041840321628,0.30290031803358,0.399943713610117,0.273024238960368,-0.132547872102195,-0.140476366858173,0.0119994836267056,0.625932347360136,-0.508233145711266,-0.129698685275575,0.0722211198200971,-0.0722211198200971
245,0.156556313438007,-5.52048674648954,2.94498398809511,2.41894644495642,0.318327224305179,0.847713009017018,-1.1660402333222,1.57815748909359,1.00549436277019,-0.309952720371631,-2.27369913149215,-0.41680261079345,0.41680261079345
246,0.261441438860115,-6.27947479032894,3.06896453337027,2.94906881809855,0.427369632239635,0.1588608823295,-0.586230514569134,1.72399343572219,1.83476202951335,-0.442846611625575,-3.11590885360997,0.0284170704241103,-0.0284170704241103
247,0.271997012846793,0.54920334439036,-0.931246297378158,0.110045940141005,1.09270030809135,0.287842538808161,-1.38054284689952,0.293060840244596,-0.14337470002854,0.37297620067689,-0.522662340892947,-0.317800138542241,0.317800138542241
248,2.0808400194562,-7.92279538128291,1.71497202282099,4.12698333900572,0.122836660232617,1.73875529554963,-1.86159195578225,2.53675495158807,2.10047854676374,-0.786972592977751,-3.85026090537406,-0.24192077080822,0.24192077080822
249,0.417875971607264,0.935569672752821,-0.0945377099701227,-1.25890793438996,0.0261830837240683,2.64997829875974,-2.67616138248381,-0.612786526096712,-0.489800078198197,0.184655467751628,0.917931136543281,-0.26193212914789,0.26193212914789
250,1.48067586170393,-6.03635995902123,2.31921364430235,2.23647045301496,0.479469001145114,2.68179374635297,-3.16126274749808,1.59590169221343,1.09021004728139,-0.517872249967537,-2.16823948952729,-0.0116787951201914,0.0116787951201914
251,3.20250804315434,-5.83593362703614,1.05110230453432,1.58232327934747,0.0179569950471418,0.394194696321578,-0.41215169136872,2.37148289563321,1.83710206248867,-0.932337105243022,-3.27624785287886,-0.172756413009146,0.172756413009146
252,2.50549769306264,-6.22416193478846,1.98491598186841,1.7337482598574,0.561092164187006,0.140695289048574,-0.70178745323558,2.08553240669914,2.21256644669173,-1.01449439158545,-3.28360446180542,0.018826164892262,-0.018826164892262
253,1.23099263327552,-7.27586059990579,2.15715545020106,3.88771251642921,0.0854562036412976,2.23211836894293,-2.31757457258423,2.25696559652277,1.3433347210067,-0.824283453960773,-2.7760168635687,-0.255084971377318,0.255084971377318
254,2.0139311415777,-0.827917767949828,-1.03387090305621,-0.152142470571659,0.374131501657944,0.151514285756158,-0.525645787414102,0.398710542247976,0.323090557860854,0.0314333350187427,-0.753234435127572,0.0944814478802001,-0.0944814478802001
255,0.662825056777848,-5.95390652166942,3.00080527990048,2.29027618499109,0.0192158148667164,2.54213562099249,-2.56135143585921,1.39700325605592,0.957332217845491,-0.354847120442083,-1.99948835345933,0.0727722532506659,-0.0727722532506659
256,0.657106891439278,-0.854992071410538,-0.105351183527382,0.303236363498642,0.0604744072696997,0.491421860089511,-0.551896267359211,-0.113023362350878,0.220347349203711,0.318419596009593,-0.425743582862426,0.112614236974029,-0.112614236974029
257,0.651654637363246,-2.93794191131883,0.810693315010014,1.47559395894557,0.78739171031212,1.15854900797794,-1.94594071829006,0.106764782669139,0.556577893001665,-0.221356631040239,-0.441986044630566,0.163771921908157,-0.163771921908157
258,0.0562264412946506,-5.96286917081891,2.46531879405031,3.44132393547395,0.137785136107866,1.33813027492641,-1.47591541103428,1.69434668341269,1.01339672110318,-0.502975774053722,-2.20476763046214,0.0190530000742441,-0.0190530000742441
259,-0.325785406043137,0.0787337824739292,-0.505912807673956,0.752964431243164,0.268882415717334,-0.293973490023872,0.0250910743065382,0.0805729630138128,-0.148071747246633,-0.243733792301796,0.311232576534615,-0.267286219618517,0.267286219618517
260,0.225779386074002,-0.145750416956033,0.279222157246084,-0.359251126364053,-0.061429227102164,0.0459205966087536,0.0155086304934104,0.31125677404722,0.438391352748153,-0.46557518702051,-0.284072939774864,0.129093636803972,-0.129093636803972
261,3.22357536957157,-5.52272532902589,0.892546804889718,1.4066031545646,0.885086410065331,-0.333850680980827,-0.551235729084504,1.48905372679495,2.05703020707674,-0.642461527050818,-2.90362240682087,-0.185939063565968,0.185939063565968
262,2.68255371527622,-6.11249382950017,0.726757198630046,2.7031829155939,0.576831498318538,1.50842164790111,-2.08525314621964,1.37574449122045,1.504141202578,-0.163692730775808,-2.71619296302264,-0.329112149968152,0.329112149968152
263,1.43475187293879,-1.1600223975175,-0.0171825353325723,-0.257546940088722,0.477984585002985,2.80265445148684,-3.28063903648982,0.252252405818605,0.202725920982519,0.216329775487704,-0.671308102288828,-0.294620114277101,0.294620114277101
264,1.22880459377462,-4.01796948281622,0.499521950294911,2.28964293874669,-0.909163463225393,0.577568108526907,0.331595354698487,0.601123079646754,1.0211739716539,-0.776447966231153,-0.845849085069506,0.210924244588792,-0.210924244588792
265,1.57781671625299,-4.7826726228231,0.731104276876819,2.47375162969329,0.9719359214349,-1.3719348178052,0.399998896370305,0.877024431548708,0.950209420485112,-0.0945134220857242,-1.7327204299481,0.353629725770996,-0.353629725770996
266,3.10246315747895,-5.87383212814073,1.87448548034735,0.896883490314427,0.310232842405964,1.52228947987557,-1.83252232228153,1.68213863388634,2.05372309963419,-0.500084045526901,-3.23577768799362,0.231409801026825,-0.231409801026825
267,0.650943502526856,-5.91386707629579,3.1121345288787,2.15078904489023,0.128382893799936,1.16913839279882,-1.29752128659876,1.13627103252113,1.18867863623119,0.392689729373878,-2.71763939812619,0.111804866335588,-0.111804866335588
268,0.0384438767193418,-6.1827672618499,1.94830443245367,4.19601895267689,0.0788421813380128,1.38178493404682,-1.46062711538483,1.09031336576527,1.07377103271029,-0.203346217772824,-1.96073818070274,-0.323721255070148,0.323721255070148
269,-0.110853811920376,-5.43716712536431,1.8359163250589,3.71210461222579,-0.0496990752755479,1.2829701362357,-1.23327106096015,0.811738575821406,0.530192542648357,0.183768010623842,-1.52569912909361,-0.451233517200934,0.451233517200934
270,1.08244951459878,-4.40456125328576,1.25819945693465,2.06391228175233,0.631819356470178,-0.332819974928343,-0.298999381541835,0.885634963848523,0.480606350690873,-0.276054720858976,-1.09018659368042,0.0554058313549409,-0.0554058313549409
271,2.2475871957328,-7.16597919558371,1.49673818839261,3.4216538114583,-0.108766042957033,1.47100339023116,-1.36223734727413,2.52966675212314,2.3549506363422,-1.20015384397757,-3.68446354448777,-0.153010982267886,0.153010982267886
272,0.32736144389671,-6.59801433065816,3.18356880913466,3.08708407762679,0.0505859395581442,1.67617949001357,-1.72676542957172,2.13559710977811,1.9600519154136,-0.964515176575756,-3.13113384861595,-0.236893046108106,0.236893046108106
273,1.17637871594275,-5.17238404253325,3.40014713907908,0.595858187511414,0.0534914197277696,0.742707390537751,-0.796198810265521,1.58171231884691,1.51317084721472,-0.588834590682538,-2.50604857537908,-0.153483107391524,0.153483107391524
274,0.435151926215819,-0.698046037287501,-0.0582639019290641,0.321158013000747,0.626551023709549,-0.0548823339171316,-0.571668689792417,1.60442503273868,0.456155739253977,-0.749050487237347,-1.31153028475531,0.121711679377951,-0.121711679377951
275,0.418962401442122,-0.206079033724866,0.044770447692423,-0.257653815409679,0.391164654156371,-0.299866362398139,-0.0912982917582322,-0.381835077380593,0.874858291282693,0.134824998494318,-0.627848212396417,0.408880916597702,-0.408880916597702
276,0.484670823216749,-2.13072840889121,0.918014873425389,0.728042712249075,1.83273570590024,0.526779492267027,-2.35951519816726,-0.0629810739164723,0.129663936993147,0.361140015034708,-0.427822878111382,0.396550631379297,-0.396550631379297
277,1.54639066730951,-2.55308260534132,0.473146656451737,0.533545281580072,1.21790999025878,2.07331613523866,-3.29122612549744,1.06732021265075,0.4163148560918,-0.213354187793675,-1.27028088094888,0.125311227568951,-0.125311227568951
278,0.771279909233202,-1.13110447163149,0.486989847248174,-0.127165284849891,0.476726969327309,2.79473181878345,-3.27145878811076,0.651826024628542,0.361575822856951,-0.013193666312938,-1.00020818117256,-0.308797938038733,0.308797938038733
279,0.192389986396092,-6.09233698846418,2.03715867361905,3.86278832844904,0.474951872760628,0.135514318125851,-0.610466190886479,1.36865062192447,1.08637798354522,-0.0159365502485394,-2.43909205522115,-0.475354325195979,0.475354325195979
280,0.20309571670567,-3.85863459125328,1.05217308372837,2.60336579081924,0.364447649491457,-1.29423799790896,0.929790348417503,-0.0492760223443912,0.369336137518288,0.192714943109934,-0.51277505828383,0.316680708026606,-0.316680708026606
281,0.476331025989045,-3.55057236321291,2.61624265758595,0.45799867963792,-0.550178036106391,1.26223191005892,-0.712053873952524,-0.354754378813367,0.165019995052884,-0.020793440320261,0.210527824080744,0.339735409723281,-0.339735409723281
282,1.33208126701788,-2.50355936663667,-0.131892265226202,1.30337036484499,0.479742148364483,2.24064398271367,-2.72038613107815,1.6226766022498,0.99108301864132,-0.560437999886175,-2.05332162100495,0.317803044091771,-0.317803044091771
283,3.47983106332547,-6.05858793139547,0.442802885426996,2.135953982643,0.310571192018375,0.710328511243894,-1.02089970326227,1.82605018131838,1.87191046062119,-0.711943907694211,-2.98601673424536,-0.48495644743046,0.48495644743046
284,0.502285515117564,-1.20622090072641,-0.016973452578104,0.720908838186945,0.401935497215172,2.89828107910768,-3.30021657632286,0.519384403071887,-0.234519736993868,0.397909710271492,-0.682774376349511,0.188772509729746,-0.188772509729746
285,-0.103886153648701,-4.83055063626429,2.02827834078855,2.90615844912444,0.86789057344446,-1.24411792698786,0.376227353543397,0.67017721771109,0.565753230898334,0.274100529533646,-1.51003097814307,0.177900676342755,-0.177900676342755
286,1.50124675053492,-1.35347610420807,-0.57911924329819,0.431348596971343,0.405016185731638,0.180478299162017,-0.585494484893655,-0.890080903293408,0.0775044392057413,-0.330322632360993,1.14289909644866,-0.180273071410479,0.180273071410479
287,2.82021091510052,-6.29110734233013,1.20581938216295,2.26507704506666,0.284254695477939,2.50498391778236,-2.7892386132603,1.76739248334547,1.09767687121136,-0.318071075870448,-2.54699827868638,-0.0617015472680419,0.0617015472680419
288,1.02903624620955,-5.27080378295509,1.57485920903744,2.66690832770809,0.775413507078254,2.10699706597307,-2.88241057305133,0.630699054207327,0.50595107836862,0.253646223124483,-1.39029635570043,-0.413825072855807,0.413825072855807
289,0.014470665322301,-3.18156508742691,0.990474927348532,2.17661949475608,-0.0529632855580904,-0.601148651818882,0.654111937376973,-0.668880100626669,-0.109667477616756,0.599083209124436,0.179464369118988,-0.122335001049493,0.122335001049493
290,1.34084128902943,-7.69519692219051,2.43003398601351,3.92432164714758,0.120648444818518,1.72447696249143,-1.84512540730995,2.51036640680453,2.08056997251681,-0.793305503101404,-3.79763087621993,-0.240964034187552,0.240964034187552
291,2.75070123925496,-6.20631747027169,1.3408990936316,2.11471713738513,0.264808820696465,2.65011894905223,-2.9149277697487,1.80568227167102,1.29003936410154,-0.425575124929717,-2.67014651084285,-0.0986550721358576,0.0986550721358576
292,1.95856908713312,-6.37079413063893,3.2991164082176,1.1131086352882,-0.327938215762142,0.714858105289219,-0.386919889527077,2.25624549521855,2.27685412426115,-0.949122541410373,-3.58397707806933,0.0190302949313689,-0.0190302949313689
293,3.08417956490049,-4.73175914278945,1.39658880327217,0.250990774616791,0.241212159743304,1.488927908177,-1.7301400679203,0.234810070300364,0.589857379999056,0.11800946463682,-0.94267691493624,0.0394046545785665,-0.0394046545785665
294,2.11633556475958,-5.5958721039424,1.66168345310419,1.81785308607863,0.411355442341283,2.69127859927925,-3.10263404162053,1.35187661141068,0.677378544859039,-0.169545523599416,-1.8597096326703,-0.204951717802246,0.204951717802246
295,2.0355614980392,-6.13911552158308,3.20439814331405,0.899155880229824,-0.208693488379648,0.624784885928079,-0.416091397548431,2.27400834041101,2.14534418803923,-0.847563728297634,-3.5717888001526,-0.0202005441999712,0.0202005441999712
296,-0.220061743267857,-0.0153736403308769,0.458115534190204,-0.22268015059147,-0.343571030678633,-0.191728566003009,0.535299596681642,1.49881302221087,1.42966683760862,-0.821018188267475,-2.10746167155201,-0.376892089050616,0.376892089050616
297,1.71234006874267,-5.40007742725318,0.457106960006796,3.23063039850371,0.204067327568983,-0.170565691684317,-0.0335016358846663,1.71343108259861,2.07592356900119,-0.887764792238432,-2.90158985936138,-0.301146093058293,0.301146093058293
298,1.05019837345368,-0.0315570675216819,-0.271595458863977,-0.747045847068024,0.00944332966804828,1.75821532035903,-1.76765865002707,1.1164057209064,0.922562381239792,-0.68789329093907,-1.35107481120712,0.277311812989788,-0.277311812989788
299,0.177857554888436,-0.548270163075597,0.437861646385989,-0.0674490381988287,0.469720321994174,-0.986503940318322,0.516783618324148,-0.0707379912393681,0.411697266969304,-0.209617359312749,-0.131341916417186,0.0831571088051645,-0.0831571088051645
300,0.61541920571962,-0.791406814427163,0.25487887135233,-0.0788912626447876,0.879579116698584,1.98601820208877,-2.86559731878735,0.605311557790878,0.415442832438348,-0.147285144217351,-0.873469246011875,0.582996489422319,-0.582996489422319
301,2.18329446504534,-5.75991914115951,1.63478203035573,1.94184264575844,0.448931586512391,2.56354034797013,-3.01247193448252,1.32195045050882,0.528341403502874,-0.168314029090514,-1.68197782492118,-0.268798489648383,0.268798489648383
302,2.09108866395314,-5.4136172630886,0.345349534022983,2.97717906511247,0.377777356867642,1.32262785323791,-1.70040521010555,1.24323691830593,0.489041601879368,-0.00301021914036299,-1.72926830104493,-0.594779138123089,0.594779138123089
303,0.382139214750071,-1.3856520512322,0.774934835172113,0.228578001310019,-0.168794845609594,0.202844814558558,-0.0340499689489641,0.685510825435705,-0.16071457738332,0.168021294573189,-0.692817542625574,0.200374473383755,-0.200374473383755
304,2.69439755144316,-5.55086193088417,0.485124733790908,2.3713396456501,0.792860125542802,0.320860385789219,-1.11372051133202,1.62274963226607,1.64618385831996,-0.518496697484947,-2.75043679310108,-0.606251129535392,0.606251129535392
305,3.26477667423932,-5.41684028020892,1.59930954517134,0.552754060798262,0.294105345835786,1.34410780662309,-1.63821315245887,1.87880064158626,1.46028222916441,-0.890773349016526,-2.44830952173415,0.0810548599399039,-0.0810548599399039
306,1.40775876764897,-5.80181707140854,0.531807255967317,3.86225104779225,0.388831289860732,1.57648814299835,-1.96531943285908,1.15966545038969,0.69040124332078,-0.063742042418117,-1.78632465129236,-0.558515114612808,0.558515114612808
307,3.48815195857713,-6.03370123873964,1.20736346377572,1.33818581638679,0.0292639405585204,1.84629486605027,-1.87555880660879,2.32945383532933,1.41916802373041,-1.00224333157608,-2.74637852748366,-0.255966304052157,0.255966304052157
308,1.97218637930473,-5.64966802225606,1.65952144480707,2.01796019814426,0.539989431813128,1.28229393431533,-1.82228336612845,1.53725726542713,1.27756340457357,-0.538353928259712,-2.27646674174099,-0.0757112344500561,0.0757112344500561
309,1.66048901749895,-6.66334987957368,0.784657261601849,4.21820360047288,0.398680445750084,0.974678656040504,-1.37335910179059,1.78112105051205,1.73212986308528,-0.506461446669498,-3.00678946692784,-0.36281435868378,0.36281435868378
310,3.00506579399081,-6.91600870124228,1.46297664887818,2.4479662583733,0.311315686962034,1.56490005866352,-1.87621574562555,2.60214714183645,1.82019113051845,-0.89767863246815,-3.52465963988674,-0.449848795595151,0.449848795595151
311,1.00324382438875,-1.68436007735916,0.764000464157876,-0.0828842111874708,0.0850458769339404,0.916014260597442,-1.00106013753138,-0.800579961728814,-0.0768919879610164,0.382841632886061,0.494630316803768,-0.00671040278621712,0.00671040278621712
312,1.08190902440099,-4.55397878415424,2.94923881895063,0.522830940802628,0.077470480149302,0.0601040677216738,-0.137574547870976,0.920945244727572,1.32696063593881,-0.362448072606944,-1.88545780805944,-0.412559801625098,0.412559801625098
313,3.13141685250642,-5.80460144325854,1.92292269416766,0.750261896584466,-0.12295869993191,0.577142548473917,-0.454183848542008,1.76313683195952,1.97503867795478,-0.776478409616908,-2.96169710029739,0.0235644657794566,-0.0235644657794566
314,1.07237530839984,-7.22537201086594,2.89930782226725,3.25368888019885,-0.615123472582315,1.3123490578066,-0.697225585224281,2.46738264645496,2.12956683112355,-0.930568725363745,-3.66638075221476,0.0313742867160424,-0.0313742867160424
315,1.0023417974209,0.399558898651758,-0.356612929056133,-1.04528776701652,0.290836699889618,-0.253591319800599,-0.0372453800890188,-1.05805005313709,-0.79108172016931,1.15477750198968,0.694354271316717,0.199074860356758,-0.199074860356758
316,0.433702583744108,-0.882640551913891,0.0249671986646993,0.423970769505084,-0.872378730417604,0.69157130615138,0.180807424266224,1.73487078249289,0.743251881860338,-0.895404971530229,-1.582717692823,0.0991508681103492,-0.0991508681103492
317,0.808875077808739,-3.19766490437379,0.568377234371216,1.82041259219383,-0.507918596055329,1.48487361340488,-0.97695501734955,1.82445124553832,1.2813769946235,-0.531096223458944,-2.57473201670288,-0.249220777842713,0.249220777842713
318,-0.359779244335592,-0.428759452729192,0.432039928069195,0.356498768995589,0.00901060606816308,-0.278364231473222,0.269353625405059,0.170494008208355,-0.239289876367946,-0.131788413810268,0.200584281969859,0.0196784388761174,-0.0196784388761174
319,3.08909177127821,-5.77179743837178,1.82191646003096,0.86078920706261,0.260647643567359,0.670955410244909,-0.931603053812268,2.08091774712775,2.24661594857962,-0.940940580014378,-3.38659311569299,-0.00111792101668062,0.00111792101668062
320,1.37237999666104,-5.78610477659749,2.45968005980532,1.95404472013113,0.474979796762076,1.90984237073347,-2.38482216749554,1.54571146334009,1.13212836098496,-0.207381696864625,-2.47045812746043,-0.305379954351749,0.305379954351749
321,1.73750239843255,-7.27840819043961,2.25027561738998,3.29063017461707,-0.0392692464570655,1.41107637905716,-1.37180713260009,2.60347954291698,2.38106674958312,-1.11646845869335,-3.86807783380676,-0.0843442465893535,0.0843442465893535
322,1.21427384402178,-7.63956299349058,2.39965285074065,4.02563629872816,0.189136912861361,1.87048467516734,-2.0596215880287,2.47820202353259,2.23500238556889,-0.783214399723613,-3.92999000937787,-0.210544192216198,0.210544192216198
323,-0.502586750113525,-2.26622708539449,0.927599735405004,1.84121410010301,-0.918680242447487,1.19414835946433,-0.275468117016839,2.0969890788557,1.6569883907358,-1.03716437787397,-2.71681309171753,0.15942980781885,-0.15942980781885
324,0.480629545387074,-3.91104253105394,1.15301392584109,2.27739905982578,-0.514820675944337,0.953438384134712,-0.438617708190375,2.395230153848,1.85364188651377,-1.25121693470483,-2.99765510565694,0.139671555166755,-0.139671555166755
325,1.29777946611908,-5.5292993807744,3.41566335102213,0.815856563633189,0.0336875348326622,0.842401037899009,-0.876088572731672,1.94017868306525,1.95339988522718,-1.08865697570032,-2.80492159259211,0.00261302866524379,-0.00261302866524379
326,-0.483336795674428,1.16312736101696,-1.0819503130602,0.402159747717665,-0.147243950037204,-0.203638722751282,0.350882672788486,-0.468394179066378,0.00773447086019498,-0.328047099916054,0.788706808122237,0.054006102670348,-0.054006102670348
327,2.07465469094014,-6.25526497491906,3.05795954432091,1.12265073965801,0.443359721810225,1.72515919009682,-2.16851891190705,1.52719082622302,2.17547176515693,-0.740035977075774,-2.96262661430418,0.282468916300947,-0.282468916300947
328,1.31373719585676,0.362491465443563,-0.499647582896905,-1.17658107840341,-0.374268566943142,0.61925949155884,-0.244990924615698,0.526502274843578,0.489788666704226,-0.85261959242992,-0.163671349117885,-0.313010202078774,0.313010202078774
329,1.22263623206858,-1.37256671470944,-0.350792894931589,0.500723377572455,0.723807632351328,2.03441758060365,-2.75822521295498,0.216291309345091,-0.291354981692511,0.214555571052248,-0.139491898704828,0.488109556137861,-0.488109556137861
330,0.375518187755839,0.33843243837266,0.422651025353866,-1.13660165148236,-0.488141568119151,0.615790699484337,-0.127649131365186,-0.553089991547278,0.67244315521533,-0.565217305157012,0.44586414148896,-0.298385594297178,0.298385594297178
331,0.49221061109526,-1.27606337112192,0.0880546041389862,0.695798155887669,0.975116564804709,-0.359805941989777,-0.615310622814932,-0.122148905412824,-0.265956443709027,0.225338859361874,0.162766489759976,-0.192736599841071,0.192736599841071
332,0.999695285444058,-6.99925305228806,2.79989809280335,3.19965967404065,-0.603435774134418,1.3317271620797,-0.728291387945287,2.47866546587072,2.32419831637978,-1.0447763630363,-3.7580874192142,-0.0993596216551016,0.0993596216551016
333,0.0753183218178225,-2.02245645188457,1.40739712977425,0.539741000292489,0.3396026277174,1.57690942971783,-1.91651205743523,1.69188996433112,0.524983275486294,-0.254493793447896,-1.96237944636951,0.237327236652595,-0.237327236652595
334,0.584085710232524,-0.309612208630602,-0.121182286678582,-0.153291214923339,0.113229449258244,0.667204502686193,-0.780433951944437,-0.904519182650398,0.121510265046908,0.472009888836188,0.310999028767301,0.172008806640339,-0.172008806640339
335,0.188119576425157,-5.9555458275326,3.19446817627926,2.57295807482818,0.417358180418571,0.213484595459399,-0.63084277587797,1.50112521247605,1.30508160490387,-0.148384342034532,-2.65782247534538,-0.121956458146616,0.121956458146616
336,1.03304409475796,-7.21745297042255,2.92140597791263,3.26300289775195,-0.529050423762826,1.31092261099177,-0.781872187228948,2.50287686949266,2.34980603454379,-0.985855467967856,-3.8668274360686,-0.0802141558479642,0.0802141558479642
337,0.0175571589700348,1.33721399775075,-0.0175066371095299,-1.33726451961126,-0.401267572613785,-0.165764919249383,0.567032491863168,0.0482754760972507,0.251412185492298,0.0287005775508253,-0.328388239140374,0.0797147720584453,-0.0797147720584453
338,-0.0363293845179505,-5.5016339846558,1.80503749438382,3.73292587478993,0.32379945973931,-0.435425265828896,0.111625806089586,1.21945878623784,1.07138095515693,0.053248142025154,-2.34408788341992,-0.310226561524938,0.310226561524938
339,1.9904817648548,-3.29134343797709,-0.475394103471501,1.77625577659379,0.341255796033531,1.3497142676607,-1.69097006369423,-0.541071763404642,0.372196627421823,0.194683455990907,-0.0258083200080881,0.21878504751271,-0.21878504751271
340,2.46846443886255,-5.84232140783158,2.54929378695846,0.82456318201057,-0.261271135638846,0.672008553438979,-0.410737417800133,2.03118971126551,2.12551734453291,-0.851664249030147,-3.30504280676827,0.00283431684939696,-0.00283431684939696
341,2.35473590782039,-4.39142749539751,1.70500866438503,0.331682923192086,0.433969137512463,1.58221422452087,-2.01618336203333,0.259197478985892,0.483529648361535,-0.198533548324769,-0.544193579022658,0.0912918730840002,-0.0912918730840002
342,2.60976902870074,-3.84475618095324,-0.0766697657195069,1.31165691797201,0.709550496879876,-1.34843700204288,0.638886505163,0.487527792336064,0.277053123696835,0.120264380369504,-0.884845296402404,-0.0974679397624511,0.0974679397624511
343,1.42524405638132,-5.8381717942213,2.87568755387543,1.53724018396455,0.873005379704176,2.13477710589686,-3.00778248560104,1.49884120654982,1.21422691701615,-0.48792096992904,-2.22514715363693,0.274547242977587,-0.274547242977587
344,-0.328437091053,-0.148101497271749,0.801765659423216,-0.325227071098467,0.138365460287172,0.0962832301471119,-0.234648690434284,-0.204949917917025,0.634876174387381,-0.342693562982553,-0.0872326934878027,-0.0893026781825387,0.0893026781825387
345,2.19190121489498,-4.76582107402363,0.818228856381966,1.75569100274669,-0.10262161635344,1.34837127399577,-1.24574965764233,0.831420138880879,0.951102914008425,-0.102246676402618,-1.68027637648669,-0.0479707983161804,0.0479707983161804
346,2.06443119245989,-4.63582834086204,0.103551308193748,2.4678458402084,-0.192474700848262,1.3243524729255,-1.13187777207724,-0.299664981482861,0.523323637678968,0.0873321852623985,-0.310990841458506,0.216267001070061,-0.216267001070061
347,-0.579182386532435,0.499365233204444,0.0219307858526535,0.0578863674753379,0.0744649587722394,-0.386138336567675,0.311673377795435,-0.556643316924156,-0.386368791842543,0.225940733553938,0.717071375212761,-0.12475747395857,0.12475747395857
348,0.0674928264774719,-5.53973304876952,3.41754208411572,2.05469813817632,0.3701179037041,1.33867205511104,-1.70878995881514,1.26790440332192,1.1425777701905,-0.441396835247203,-1.96908533826523,0.0187934014875618,-0.0187934014875618
349,2.21939298059389,-7.046850249578,1.48574758573507,3.34170968324904,0.21175481921782,0.800709771006617,-1.01246459022444,2.57056795842306,2.27760748915424,-1.13488499807316,-3.71329044950414,-0.0610154739522941,0.0610154739522941
350,1.66819061815966,-7.1399192870091,2.19318295282843,3.27854571602102,-0.157382319576004,1.48591548776019,-1.32853316818419,2.66870097627556,2.30557881755162,-1.14743601387271,-3.82684377995447,-0.119201673330289,0.119201673330289
351,1.45132325157063,-0.931500855048626,-0.398497833874791,-0.121324562647214,-0.012556983998841,0.797127668308691,-0.78457068430985,-0.230027176763166,0.360489606897129,-0.246224185725335,0.115761755591372,-0.290448241898708,0.290448241898708
352,1.24587537659679,-7.23234164243816,2.24088031610779,3.74558594973358,0.479254699741,0.881927100950991,-1.36118180069199,2.09833343264226,1.79368197240289,-0.584399655651731,-3.30761574939343,-0.169266114614856,0.169266114614856
353,-0.2026273658997,-0.930058465614682,0.711520234798733,0.421165596715649,-0.245691330154026,1.31085054512791,-1.06515921497388,-0.0527721741742225,-0.396078360837419,0.0821766266959937,0.366673908315648,-0.333465442339425,0.333465442339425
354,1.55571108873243,-1.03641329755192,0.185947271239007,-0.705245062419514,0.494293637937156,0.73842081901939,-1.23271445695655,-0.0357675743179272,-0.0955234370471304,0.466386413873702,-0.335095402508644,0.189968359677709,-0.189968359677709
355,1.96588073378864,-7.47437689975065,1.61174774509388,3.89674842086813,0.112321311641345,1.57304515881312,-1.68536647045447,2.45248973220033,1.91248856890793,-0.902309274090991,-3.46266902701727,-0.271131055126136,0.271131055126136
356,0.60543274614173,-0.0565032033168398,-0.457177118592159,-0.0917524242327317,0.202248484642351,0.0370209623635401,-0.239269447005891,0.281286646703554,1.30195753752766,-0.623365428218705,-0.959878756012513,-0.501240897619251,0.501240897619251
357,0.18230463489754,0.529993035611687,-0.305029222635276,-0.407268447873951,-0.115595070413575,0.683914803044221,-0.568319732630646,-0.378539399305409,-0.0552010455634651,-0.270975674989596,0.70471611985847,0.892373748742006,-0.892373748742006
358,0.546487515766942,-0.866589655551179,-0.225932313002862,0.546034452787099,-0.473922717924848,0.578393733316714,-0.104471015391866,-0.356839786577014,0.92833301712315,-0.0571192519290809,-0.514373978617056,-0.0524302209663362,0.0524302209663362
359,0.115289096738306,-0.450765251351129,-0.00872465983957241,0.344200814452396,0.519056683498032,-0.0660134928557459,-0.453043190642286,-0.17180611353496,-0.273981859815217,-0.308428042994805,0.754216016344982,-0.0846948229150643,0.0846948229150643
360,-0.0779310005025084,-0.666934935660743,0.869582968542374,-0.124717032379123,-0.205852614587021,0.136606982324094,0.069245632262927,1.20703174480134,0.633616240344423,-0.917243991583722,-0.923403993562037,0.312772886858445,-0.312772886858445
361,3.26853939691581,-6.007798141439,1.33764545454104,1.40161328998215,0.393270995023096,0.63266182044106,-1.02593281546416,2.61267482514193,1.99050089922686,-1.09473778789461,-3.50843793647418,-0.246586091993199,0.246586091993199
362,2.4292094607619,-2.71132121047597,0.916307753594257,-0.634196003880187,-0.353868685379215,1.07965379250526,-0.725785107126049,0.369946756478386,0.645339196737416,-0.280860358846142,-0.73442559436966,-0.186490134520895,0.186490134520895
363,1.99016339620823,-2.02089510783821,-0.589613728015693,0.620345439645668,-0.0641359369553801,2.60737435305335,-2.54323841609797,0.327696565996084,0.623926223955458,0.196737602610401,-1.14836039256194,-0.270946949844843,0.270946949844843
364,1.22133143969457,-7.25908905939337,2.34232445032579,3.69543316937301,0.473265222879951,1.02528496701389,-1.49855018989384,2.46549587486233,1.95842910312768,-0.779342445982216,-3.64458253200779,-0.205700963034406,0.205700963034406
365,2.72465489705928,-5.77900696497557,0.484345942787073,2.57000612512922,0.473037818189403,1.89263337401319,-2.36567119220259,1.03702286919011,0.782224557111348,-0.022692565741942,-1.79655486055951,-0.265902152518875,0.265902152518875
366,-0.391883246383758,1.3742123211093,-0.396194105119764,-0.586134969605773,0.231222130245122,0.264485587102601,-0.495707717347722,-0.203662477636916,1.06040290875588,-0.0705724247704088,-0.78616800634855,-0.49466458338229,0.49466458338229
367,0.438042455701012,-4.04533684832795,2.6484343850357,0.958860007591232,0.785891253029738,-1.497884272433,0.711993019403259,0.765612616047554,0.707290600983105,-0.239054019931166,-1.23384919709949,0.143123202601936,-0.143123202601936
368,0.676960022157782,-0.0510406184795024,0.21493589568776,-0.840855299366039,-0.213725411667425,-0.444419823053966,0.658145234721391,0.593415480461612,0.709955540861653,-0.59430484617853,-0.709066175144735,-0.0474940555349982,0.0474940555349982
369,0.411587988589569,-0.595488035624787,-0.23234009797929,0.416240145014509,0.211222544311595,-0.0157123759284536,-0.195510168383142,-0.860227046558393,0.445274174125504,0.314559302804156,0.100393569628734,0.167064868398021,-0.167064868398021
370,0.0707622550193509,-5.96777690603408,1.91547748084957,3.98153717016516,0.0349700897338791,0.659932608682988,-0.694902698416867,1.39806251900817,1.13391815177964,0.0519881450058182,-2.58396881579363,-0.601036601979434,0.601036601979434
371,0.301512823827303,-0.600889631603847,0.42886962203892,-0.129492814262376,0.80909533921093,-0.821147037276011,0.0120516980650814,0.385856838796234,-0.354211881784872,0.307474193263075,-0.339119150274436,-0.136499335930228,0.136499335930228
372,2.13280937894173,-4.13713507273797,1.14240356961729,0.861922124178955,0.0113814023741068,1.41530591391496,-1.42668731628907,0.387991206134381,0.291519953834219,-0.268815798130614,-0.410695361837985,-0.126346677950057,0.126346677950057
373,1.43565710861716,-1.04555030806144,0.164060333459494,-0.554167134015214,0.26972565907252,0.759491550384776,-1.0292172094573,1.55070652225866,1.02218064078539,-0.621906213164756,-1.95098094987929,-0.378161584861751,0.378161584861751
374,2.97674666534609,-6.76835792425614,1.51964005273365,2.2719712061764,0.28693923322454,1.57164468303233,-1.85858391625687,2.62604375326398,1.75727093384601,-0.748310709552528,-3.63500397755747,-0.419286230020315,0.419286230020315
375,1.9118414765531,-5.66098677101712,2.13352667557859,1.61561861888542,0.803997563456247,2.05234199693217,-2.85633956038842,1.16483611390413,1.17083121988678,-0.295610159719201,-2.04005717407171,0.221954277748119,-0.221954277748119
376,1.88176598227229,-7.58887606649304,2.27641118656989,3.43069889765086,-0.13971582918179,1.49834301815897,-1.35862718897718,2.90387588514416,2.38434499106256,-1.14290629430418,-4.14531458190254,-0.0674398136558415,0.0674398136558415
377,0.878744926784538,1.10952085299332,-0.214535356332833,-1.77373042344503,-0.45651907085309,1.13414224665604,-0.67762317580295,0.984431511750046,0.251365531466434,-0.37870673509884,-0.85709030811764,-0.0924563867175874,0.0924563867175874
378,0.980356339648873,-6.9901837088972,2.73005467588644,3.27977269336189,0.48245566772847,1.04666402900426,-1.52911969673273,1.69575010213132,2.09032850211484,-0.627976045318671,-3.15810255892749,-0.000620540261382592,0.000620540261382592
379,0.00829948295841314,-1.57603389573693,1.48505402636458,0.0826803864139287,1.08812968490478,1.39176895920009,-2.47989864410487,1.14930259330976,1.15752289137958,-0.243577345674873,-2.06324813901447,0.500912127154695,-0.500912127154695
380,-0.344546682404793,-0.949200226140921,0.599479771329933,0.694267137215781,1.73714887957265,0.388203440593341,-2.12535232016599,0.0363480431309825,-0.0495045502751661,0.122910501384148,-0.109753994239965,0.538677833058894,-0.538677833058894
381,1.90031425904026,-4.85072269510253,1.73547662717686,1.2149318088854,0.689683260936853,1.81924805254012,-2.50893131347697,0.286035219781871,0.738290272930675,-0.149969052795998,-0.874356439916549,0.104834850608299,-0.104834850608299
382,1.36495553281307,-3.68571322842384,0.464826593160665,1.8559311024501,0.359340806547554,0.0192162576575725,-0.378557064205126,0.425610688479509,0.192485430964763,-0.614261836700182,-0.00383428274409009,0.0530006859750112,-0.0530006859750112
383,0.789528930403941,-0.673555298199701,-0.0995855431560597,-0.0163880890481802,0.335812528055303,-0.16144093264663,-0.174371595408672,0.670578917001273,1.20372299390075,-0.794179121217257,-1.08012278968477,-0.293555356493856,0.293555356493856
384,0.522999073255471,-4.5441332393443,0.803703964757273,3.21743020133156,-0.00948907924895006,-0.0687441852609634,0.0782332645099135,0.443073085461678,0.724819716889471,0.0958915241604539,-1.2637843265116,-0.533401254662499,0.533401254662499
385,0.547645426192517,-0.117106752053541,0.407341094133675,-0.837879768272651,-0.145028439755901,0.18455730338388,-0.0395288636279788,0.0678236482957457,0.441905050116444,-0.385599510656692,-0.124129187755497,0.118201967171212,-0.118201967171212
386,-0.588315420037203,0.529223943303659,-0.356796448827971,0.415887925561515,0.189982073193732,-0.402193016839938,0.212210943646206,-0.541147533530657,-0.0517211163831768,0.354004022694143,0.23886462721969,0.390874147917749,-0.390874147917749
387,-0.130065782031729,0.254603532287015,1.09818222278714,-1.22271997304242,1.35858758435412,0.832696339413732,-2.19128392376785,0.989405905341869,0.929333099282317,-0.39983884278968,-1.51890016183451,-0.0205313889525454,0.0205313889525454
388,1.22606546037158,-2.90700984978429,0.112429305684099,1.56851508372862,1.11579855333918,0.285552878779723,-1.40135143211891,0.33827905466684,0.342070972415739,0.450649264389279,-1.13099929147186,0.108761537763748,-0.108761537763748
389,0.470545230948159,-2.01242491468709,-0.334586059368246,1.87646574310717,-0.133236877181088,0.640818332716046,-0.507581455534959,0.262159683099926,-0.137334224993823,-0.384752906079281,0.259927447973179,-0.229370972764721,0.229370972764721
390,1.82980926658656,-7.61093682098378,1.77089936685971,4.01022818753752,0.227775488636458,1.75823208853539,-1.98600757717185,2.5746821703352,2.07349493190467,-0.909657853464273,-3.73851924877559,-0.307455762606007,0.307455762606007
391,1.06831078866928,-6.66508565585066,2.10674076298811,3.49003410419327,-0.279192157427509,1.40671194719539,-1.12751978976789,2.24340118392745,1.81782211007043,-0.731974351762489,-3.32924894223539,-0.315035671087278,0.315035671087278
392,2.90994826773123,-5.71118480116375,1.02832021819043,1.7729163152421,0.323576450941077,2.4413858739243,-2.76496232486538,1.64094952152987,0.559751462666254,-0.0454237836093742,-2.15527720058675,-0.24361784027855,0.24361784027855
393,1.13510776787541,-2.54038397120735,1.92154096031684,-0.516264756984899,0.285471472914439,-0.33910682152495,0.0536353486105109,1.19677710717553,0.586258376850808,-0.291748759557161,-1.49128672446918,0.192896343757076,-0.192896343757076
394,1.88101235190172,-3.15483559417148,-0.174372567137437,1.4481958094072,-0.378639043760158,0.671049321180042,-0.292410277419883,1.83854930740182,1.38389779364885,-0.690902906078719,-2.53154419497195,0.138978091493181,-0.138978091493181
395,-0.011418181026733,-0.851736268234804,0.410497095596339,0.452657353665197,-0.291743195235398,1.31565980496282,-1.02391660972742,1.18410446052631,0.340118402447815,-1.0490418662646,-0.47518099670953,-0.496068839439836,0.496068839439836
396,2.74719105174569,-5.75501259355234,0.648709599781651,2.359111942025,0.48306703375293,1.75472835563775,-2.23779538939068,0.760952947812261,0.401191469903632,0.452932827249975,-1.61507724496587,-0.37523168900149,0.37523168900149
397,0.520955897788095,-2.5848605952071,1.28453793415668,0.779366763262324,-0.473925971935801,0.0785076089010939,0.395418363034707,0.944233713631718,2.00684198021701,-1.01120503722271,-1.93987065662602,-0.18836544997289,0.18836544997289
398,0.0802946801293397,0.403700118213761,-0.0209004714260855,-0.463094326917016,1.07537836211184,-0.994791215121765,-0.0805871469900734,-0.400249568397773,-0.0473615820612937,0.767764733843162,-0.320153583384094,-0.0408439550109836,0.0408439550109836
399,-0.0260588067106176,-0.770452398607122,1.0645793024395,-0.268068097121765,-0.527462329078239,0.34655843353466,0.180903895543579,-0.475457226378771,0.35785139274856,0.222527849828413,-0.104922016198202,0.354620847455387,-0.354620847455387
400,1.93114680942479,-7.37936509140805,1.60189829185937,3.84631999012389,0.142708343398736,1.61898706060399,-1.76169540400273,2.37504295786058,1.90857062943772,-0.77632090521417,-3.50729268208413,-0.293373353269363,0.293373353269363
