"A1B1","A1B2","A1B3","A1B4","A2B1","A2B2","A2B3","A3B1","A3B2","A3B3","A3B4","A4B1","A4B2"
1.52134742368313,-2.46391114996362,0.306612866422721,0.635950859857769,1.33215380603217,2.03734772734509,-3.36950153337727,1.2362289780245,0.435571085895571,-0.333706558857908,-1.33809350506216,-0.00527916461093376,0.00527916461093376
3.21210596324979,-5.61584973020953,1.74608012003692,0.657663646922813,-0.137340568769043,0.564152756261914,-0.42681218749287,1.91064460008013,1.96545340500208,-0.849217449093288,-3.02688055598892,-0.0412839500912369,0.0412839500912369
0.397674219171489,-5.01555372581903,0.980136166772749,3.6377433398748,0.356259661633977,1.25018302295527,-1.60644268458925,0.16667048924214,0.424917915306241,0.18305180949992,-0.774640214048301,-0.554128176291892,0.554128176291892
2.09354405708115,-5.27780891992002,1.80490672248832,1.37935814035055,0.788135634588579,1.82756130837113,-2.61569694295971,0.287249295864665,0.752175261812597,-0.298908163973221,-0.74051639370404,0.0876724144200462,-0.0876724144200462
0.43166385156145,-7.02770798616136,2.95959859540035,3.63644553919956,-0.288476971207213,1.49594484716565,-1.20746787595844,2.22946196759098,2.06733201677793,-0.590122754014385,-3.70667123035452,-0.270130164766874,0.270130164766874
2.03107170519229,-7.74388355934097,1.76935990040324,3.94345195374543,0.152569061928913,1.7467011016649,-1.89927016359382,2.54434977584163,2.12960747574669,-0.968332725964413,-3.70562452562391,-0.32347632267154,0.32347632267154
0.258162726340106,-6.24775301501607,1.88220453316437,4.1073857555116,-0.0528004901919429,0.737380829820663,-0.68458033962872,1.43467838513286,1.75889549880534,-0.264712392897743,-2.92886149104046,-0.345825519084291,0.345825519084291
2.81991777321915,-5.82073998177172,1.02541053645019,1.97541167210237,0.0098017249348123,2.49478116701882,-2.50458289195363,0.680030602686132,0.645621500747298,-0.153578455717123,-1.17207364771631,-0.0051347247700942,0.0051347247700942
2.21102017522556,-6.86962009660348,3.00785563464787,1.65074428673005,-0.548221225303688,1.28997867779208,-0.741757452488395,2.66981109503397,2.25819247918589,-0.970352350794857,-3.95765122342501,-0.305785623356462,0.305785623356462
1.75696745094772,-6.53969696512151,0.533487198870163,4.24924231530363,0.259910914719407,1.83861547763944,-2.09852639235885,1.37190026732045,1.23523546665028,-0.49318923451277,-2.11394649945796,-0.48178272649134,0.48178272649134
1.32526623437286,-5.60054037116941,1.74329320951614,2.5319809272804,0.851790171076138,1.9644165149393,-2.81620668601543,0.794462648905954,0.391623973392549,0.248144373062642,-1.43423099536114,-0.405996228419663,0.405996228419663
-0.232980559788199,-1.6025258844245,0.832402007054159,1.00310443715854,-0.799303080897792,1.3520378206734,-0.552734739775603,0.440439895068869,0.109541599221933,0.0276630605408268,-0.577644554831629,-0.152773552458913,0.152773552458913
2.10555283472256,-6.61772681575581,1.29417274979347,3.21800123123977,-0.59051538925993,1.13344046064044,-0.54292507138051,2.2873366808644,2.26837278304702,-1.03655515468663,-3.5191543092248,-0.256098033206505,0.256098033206505
0.827662970892922,-1.71005481497569,0.301217282414556,0.581174561668217,-0.307757846632346,0.729676499622083,-0.421918652989737,0.0645776545318148,1.10549906420513,-0.0224698337314438,-1.1476068850055,-0.0876755071124393,0.0876755071124393
0.176331137092142,-0.0103448789912125,0.202716088008695,-0.368702346109624,0.128530444625146,-0.796536706412449,0.668006261787303,-0.214060716219167,0.193804815263752,-0.144320569135238,0.164576470090653,-0.00805701034674829,0.00805701034674829
2.69659754827204,-6.66624675185344,2.39936194720515,1.57028725637624,-0.156559561369194,1.5470892403606,-1.3905296789914,2.7566966164687,2.15807840138162,-1.02174092252176,-3.89303409532856,-0.311391199356958,0.311391199356958
0.452224162101048,-0.995894559572292,0.708427793309611,-0.164757395838367,0.495603757658583,2.645453251901,-3.14105700955958,0.156161902460582,0.068473964316949,0.35187988666653,-0.576515753444061,-0.270243683905583,0.270243683905583
1.60621776698199,-6.0558522611518,0.686122796955328,3.76351169721448,0.766479445771978,0.35195440185384,-1.11843384762582,1.42223399321999,1.20194405111233,-0.225094674073503,-2.39908337025882,-0.649217717050989,0.649217717050989
-0.468221141140872,0.35695483738499,0.454207056619548,-0.342940752863666,-0.345875894332599,0.236708171508645,0.109167722823954,0.21634669464584,0.262087243491106,-0.557181029905673,0.0787470917687276,-0.379980920052381,0.379980920052381
0.260468843676278,-6.39264779643534,3.21362550226345,2.91855345049561,0.407337993076588,0.256687763014535,-0.664025756091123,1.59604658749883,1.96943836040091,-0.377753919709521,-3.18773102819022,-0.0279424457833872,0.0279424457833872
-0.104324514415828,-5.26360565493166,1.67799356484215,3.68993660450534,0.0216243031063976,1.19895637445533,-1.22058067756173,0.853717192544569,0.609966077254544,0.186170050406044,-1.64985332020516,-0.512339481066821,0.512339481066821
3.83979087039699,-7.29757031545377,1.7567447761248,1.70103466893198,-0.0196722996874401,1.65246641761677,-1.63279411792933,2.75788264010931,2.25707124930587,-1.15149483460909,-3.8634590548061,-0.395176470835074,0.395176470835074
1.42878193636274,-7.95961867070589,2.51193078726094,4.0189059470822,0.155138261940686,1.80563970223619,-1.96077796417687,2.61120589041112,2.24129855910232,-0.974497798281733,-3.87800665123172,-0.375039343219059,0.375039343219059
1.66745955248035,-1.24584048840629,-0.754140156909196,0.332521092835137,0.390507079643277,0.282470679830428,-0.672977759473705,-0.00367121067367312,-0.0534283562145035,-0.286204973514859,0.343304540403035,0.457096879436493,-0.457096879436493
3.41578205805933,-6.08167365615745,1.85967438910591,0.806217208992206,0.639763654521807,0.25617352534926,-0.895937179871067,2.00738911171773,2.11117529767622,-0.878485557800708,-3.24007885159324,-0.0303848053191883,0.0303848053191883
0.785658140610648,-1.38023258677692,0.624308719084293,-0.0297342729180223,0.474274755823034,-0.0331551793304311,-0.441119576492603,-0.248829291220901,0.177179307170483,0.237250960542466,-0.165600976492048,0.672398881719967,-0.672398881719967
1.34123604631086,-0.750584839238904,-0.37736971183592,-0.213281495236037,-0.218299025721807,-0.00598107531555743,0.224280101037365,0.373981798102564,0.271924653508953,-0.0985985830571842,-0.547307868554333,-0.423962657717936,0.423962657717936
-0.0873141711666924,-5.6252407659854,3.50032346149841,2.21223147565368,0.354544897685802,1.46566516721991,-1.82021006490571,1.25498979583562,1.16995901659308,-0.404596442529523,-2.02035236989918,0.0595802305190804,-0.0595802305190804
0.458841835530468,-0.956168231545309,1.08220823701633,-0.584881841001487,0.0279993118226606,-0.295755313348873,0.267756001526213,1.78693552302926,1.67358466511523,-0.98578746228962,-2.47473272585487,-0.185467479208374,0.185467479208374
0.429102064964891,-0.133147484594088,0.0163891191346932,-0.312343699505497,-0.588111887965109,0.62924108388577,-0.0411291959206602,-0.0911693476070042,0.516947287095723,-0.295047859926299,-0.130730079562419,0.382251009052985,-0.382251009052985
0.333307483242072,-1.97197641934933,0.927953521671916,0.710715414435342,0.450582038196828,0.576036480608193,-1.02661851880502,1.59163097078987,1.59892081571195,-0.525898474483462,-2.66465331201836,0.701766317857959,-0.701766317857959
1.32328870758369,-5.2246392584745,3.02354543238132,0.87780511850949,-0.429843644723357,2.27689440685903,-1.84705076213568,1.41875504412092,0.528549941495993,-0.189687775386264,-1.75761721023064,-0.0928283014546758,0.0928283014546758
-0.413764739445132,-2.14838921620902,1.52410699433626,1.03804696131789,-0.692440097332788,0.834811752236549,-0.142371654903761,2.54122593753605,1.37584051399799,-1.04780163541993,-2.86926481611412,-0.14409846480089,0.14409846480089
1.86134602753577,-6.94984141959205,0.867356010208261,4.22113938184802,0.402085972532888,0.965005504423623,-1.36709147695651,1.72679541423533,2.00995180400114,-0.623782141096206,-3.11296507714027,-0.573803078125041,0.573803078125041
-0.104531956491693,-5.07508568513379,3.01660347436109,2.1630141672644,0.0311067292800854,0.534025908626771,-0.565132637906857,1.53103477663398,0.655863127846674,-0.31911564132446,-1.86778226315619,-0.242335658893873,0.242335658893873
0.741716026248248,-5.77524783244307,3.48950970701132,1.5440220991835,0.137464632883942,0.768497569773892,-0.905962202657834,1.88740782523751,2.05462283460314,-0.995621733356725,-2.94640892648393,0.00324947732647779,-0.00324947732647779
1.62220361302804,-6.16499332606736,2.5858538366311,1.95693587640822,0.405260298299663,2.95718317309069,-3.36244347139035,1.83644463090966,1.17775803295048,-0.507888207203885,-2.50631445665626,-0.0606710655713829,0.0606710655713829
1.95432339598616,-2.06808111421743,0.136846838749621,-0.0230891205183482,-0.0235670932151226,-0.163991564519023,0.187558657734146,-0.0937474987211587,0.149046912172397,0.0778318905950389,-0.133131304046278,0.132017488619738,-0.132017488619738
-0.137816743979929,-5.22991506914,1.78363210377042,3.58409970934951,0.133760416301087,1.28375068074005,-1.41751109704114,0.928231737424807,0.612916024848124,0.132739261566128,-1.67388702383906,-0.54043571311019,0.54043571311019
1.33836603471388,-5.7475883007822,1.66383307165145,2.74538919441687,0.796016241440579,2.06139762764881,-2.85741386908939,0.801704920004785,0.959197109764317,-0.138635648643147,-1.62226638112596,-0.222332157912724,0.222332157912724
0.995799099474034,-2.34149790547531,1.87547191640577,-0.529773110404491,-0.492200954039461,0.332652400362212,0.159548553677248,0.190750461836609,-0.141051922876112,0.330082142786814,-0.379780681747311,0.561164234923058,-0.561164234923058
0.993223252146317,-4.16332953461207,0.018881844354916,3.15122443811084,0.371894211330349,0.0296304268529469,-0.401524638183296,0.0421750670889918,1.03079533614715,-0.355620950746924,-0.717349452489218,-0.342643350075047,0.342643350075047
0.711778387112235,-6.25625397908528,3.24586591466431,2.29860967730874,0.0851311218867933,2.70818617540552,-2.79331729729232,1.568503779546,1.11584551140115,-0.360142760961763,-2.32420652998539,-0.0373696454866348,0.0373696454866348
2.25878635840222,-5.8080367006588,2.25880701926333,1.29044332299325,0.65642634019364,2.12908138988591,-2.78550773007955,1.04689778563804,1.11376356989155,-0.260176590702245,-1.90048476482735,0.138945772129689,-0.138945772129689
2.72020882510293,-6.8069590161179,2.33209199206236,1.7546581989526,-0.106066386098627,1.50674863442885,-1.40068224833022,2.72004092288329,2.3369380665861,-1.14190136216586,-3.91507762730352,-0.343897426131536,0.343897426131536
0.98880996731669,-0.563839729191031,0.815610155685552,-1.24058039381121,-0.451367522542657,0.974912487539512,-0.523544964996855,0.920396933270909,-0.388998567507056,0.0281340339175855,-0.559532399681438,0.194974375405958,-0.194974375405958
2.59071796921334,-6.66707570003956,1.79384266862149,2.28251506220473,0.587277881983507,2.75868843381821,-3.34596631580172,1.75943180136935,1.16401677909935,-0.66968662603457,-2.25376195443413,-0.118120558675092,0.118120558675092
2.25622445146368,-5.44367101898103,1.34248145168324,1.84496511583412,0.439891466155708,2.5323768954593,-2.97226836161501,0.621081741351999,0.503910137018336,-0.475218814427707,-0.649773063942628,-0.0930613718578717,0.0930613718578717
1.70808847494303,-6.58422585605445,0.783512230125872,4.09262515098554,0.401065920080822,1.05712924306497,-1.45819516314579,1.78474909343518,1.94529361217254,-0.738744989202751,-2.99129771640496,-0.385126871733944,0.385126871733944
0.149947664983316,-6.14209462195423,3.72428290999549,2.26786404697542,0.413213545835104,1.04681384776082,-1.46002739359593,1.66857272975827,1.85575341116107,-0.620225417639529,-2.90410072327982,-0.117611007163639,0.117611007163639
0.864761078663909,-4.73092991436743,0.973473199587868,2.89269563611565,0.401837877281511,-0.475333118865526,0.0734952415840151,0.831910433413139,1.14139108673807,0.176419656769676,-2.14972117692088,-0.0250494995888522,0.0250494995888522
0.413436698199351,-0.753404348938462,-0.183077604916934,0.523045255656045,0.148234425707945,1.70572033448535,-1.8539547601933,1.25410040596299,1.44091189729189,-0.485935179023634,-2.20907712423125,-0.396270473349549,0.396270473349549
-0.374885952964329,-0.830521010664022,0.890153857321342,0.315253106307008,0.625631505060571,1.74164180102938,-2.36727330608996,0.627287892216751,1.00803520371509,-0.0319731720887662,-1.60334992384308,0.335443653527101,-0.335443653527101
1.68460587901427,-2.79255087646672,0.616741474381459,0.491203523070992,1.06397483891894,2.50579770812608,-3.56977254704502,0.957057420486995,0.129070695246845,0.10631618613593,-1.19244430186977,-0.0118676307216478,0.0118676307216478
1.25479311337515,-5.32015059481636,3.42787624425755,0.637481237183662,0.363194884600146,0.275250096631524,-0.63844498123167,1.82215965147298,1.78923861212145,-0.798008563335261,-2.81338970025917,0.0180762546259552,-0.0180762546259552
0.23616837858511,-1.71776515982058,-0.0581830877125065,1.53977986894798,-0.230086328593606,1.38236173197632,-1.15227540338271,0.176896815423351,0.0215142113780654,0.342650880850275,-0.541061907651691,0.0956627504993765,-0.0956627504993765
1.67683475758667,-6.59231323004085,0.878636927710412,4.03684154474376,0.419169507774776,1.05351716234926,-1.47268667012404,1.6900060383444,1.82146444842723,-0.53198895347303,-2.9794815332986,-0.411479965852735,0.411479965852735
1.96508158796682,-5.7085579604151,3.07430496583657,0.669171406611708,0.335866547591221,2.14971315428065,-2.48557970187188,1.4331619644412,1.35829710944841,-0.566658596064882,-2.22480047782474,0.290039247449288,-0.290039247449288
2.30083170237842,-6.91363023190684,1.37798323238119,3.23481529714723,-0.157665129745591,1.45144609362299,-1.2937809638774,2.58163664443032,2.39029559034345,-1.23659498302475,-3.73533725174901,-0.223286403066101,0.223286403066101
0.151471079411855,-0.21524444732495,0.435309286950788,-0.371535919037692,-0.200342366065641,0.033568957052852,0.166773409012789,0.516255392548266,-0.188808334844067,-0.123221535474557,-0.204225522229642,0.172226948380445,-0.172226948380445
-0.298084882967546,1.39818990872621,0.790542980206748,-1.89064800596541,0.646513296005639,1.28345432432959,-1.92996762033523,0.855806891857705,0.325556614160076,-0.0318666648724034,-1.14949684114538,0.230144231186004,-0.230144231186004
1.5910155378768,-6.82737303933423,2.22891892229837,3.00743857915907,0.117619445950852,2.13827923788596,-2.25589868383681,1.67292697905562,1.50491857321558,-0.0288113502040281,-3.14903420206717,-0.214090407414919,0.214090407414919
1.48087224356132,-6.3343512752336,2.54422621705241,2.30925281461987,0.414736865370931,2.84674323060928,-3.26148009598021,1.6668963559242,1.28234594478287,-0.6200705681817,-2.32917173252538,-0.120043662640001,0.120043662640001
-0.489708037097352,-4.18611303766384,1.27399325744338,3.40182781731782,-0.597782826449496,0.32343799883304,0.274344827616456,0.27881102501354,0.809195321075719,-0.155082038370214,-0.932924307719045,-0.363323240338248,0.363323240338248
1.04774859466578,-3.81170629531987,-0.163690214325741,2.92764791497983,0.48198761504895,-0.595674274060271,0.113686659011321,-0.371120705563129,0.0500750824567075,-0.0969794433027642,0.418025066409186,-0.512263690589374,0.512263690589374
-0.104210577622931,-5.4943225039297,1.88127717264317,3.71725590890946,0.355994354746079,0.21128532010556,-0.567279674851639,1.39702484241647,1.21358831199334,0.0256618713226521,-2.63627502573246,-0.647111145770356,0.647111145770356
0.847685773046834,-3.86783547804936,1.79059481943561,1.22955488556691,0.885134092418808,2.14200159840357,-3.02713569082238,0.675665179158019,1.27084179242668,-0.281376176921499,-1.6651307946632,0.29702963108592,-0.29702963108592
0.424402660791197,-2.05318029085877,1.03789436825449,0.590883261813083,0.156127939109217,0.221684313970196,-0.377812253079412,-0.7788156379969,0.248599991182025,0.347289704272525,0.18292594254235,0.0844216631682518,-0.0844216631682518
0.840143001237664,-6.69672625090049,2.84805645752793,3.0085267921349,-0.589890457125387,1.34280058603221,-0.75291012890682,2.49256007246088,2.42571472765015,-1.06190911107083,-3.8563656890402,-0.126886197024897,0.126886197024897
0.0623161423393207,-5.37350336906627,2.19773811106227,3.11344911566468,-0.663312183411237,1.51559700185031,-0.852284818439077,1.4200984873572,0.942052448678059,-0.838564027808546,-1.52358690822672,-0.223243432246634,0.223243432246634
0.25829242797549,-0.346022335175525,-0.319897220787007,0.407627127987042,-0.769695302197366,0.570893607014168,0.198801695183198,0.782504142469973,0.216918546669484,-0.43529284622806,-0.564129842911398,-0.14983795471233,0.14983795471233
0.439999556804857,-4.0873369648718,2.25652567506166,1.39081173300528,1.25307512222374,-1.21403768046374,-0.039037441760003,0.418081939356481,0.417797825283305,0.0787959406437238,-0.91467570528351,0.015675645369017,-0.015675645369017
0.299730089431826,-0.724082805629,0.455114993241955,-0.030762277044781,0.743573025234415,0.173791656923024,-0.917364682157438,-0.585870260712961,0.579949418325082,-0.316386989340497,0.322307831728377,0.00669903897668909,-0.00669903897668909
3.29456326876342,-6.45616011283742,2.09061525092893,1.07098159314507,0.246107817008764,1.47548416088876,-1.72159197789752,1.6219840758727,2.06338771551419,-0.555236520063853,-3.13013527132304,0.200855597634009,-0.200855597634009
2.88669605670622,-5.10203250488799,1.07858986179065,1.13674658639112,0.185974714587199,0.00721196004401098,-0.19318667463121,1.69187811380482,1.7170380331248,-0.674224083616536,-2.73469206331309,-0.553169119288728,0.553169119288728
2.85988617841088,-4.23916542335357,0.0680846087238135,1.31119463621888,0.927091726114208,-1.43896793656973,0.511876210455523,0.305437869094161,0.308695295755932,0.0699413882213559,-0.684074553071449,-0.0988171793068789,0.0988171793068789
-0.306155023727522,-4.68232557206942,1.93881942368482,3.04966117211212,0.938189971739316,-0.64322323102345,-0.294966740715865,0.604291769151863,1.14318378039295,-0.0704110331075223,-1.67706451643729,0.129951246310565,-0.129951246310565
0.428821892487632,-0.146889867206249,0.0348382560085156,-0.316770281289899,-0.0270340847862194,-0.602010718678311,0.629044803464531,-0.542959991273777,0.548526879384383,0.29471994606605,-0.300286834176656,0.22541077027069,-0.22541077027069
1.81529829907234,-2.83170772215417,0.28922497060815,0.727184452473677,0.985094778060294,2.6541007955744,-3.63919557363469,1.08945659916833,0.367636866248449,-0.227680846066353,-1.22941261935043,0.0901373303655075,-0.0901373303655075
3.2403990072533,-5.40977929280892,0.450521166903965,1.71885911865165,0.242513909175721,0.614469299979072,-0.856983209154792,1.41971894561944,1.32536897441726,-0.343577936607206,-2.40150998342949,-0.666515078207175,0.666515078207175
2.76136925010762,-3.22782476455051,0.420619380780134,0.045836133662763,-0.260532200973625,1.99989227454692,-1.7393600735733,1.63576013077837,1.05445547542941,-0.682857314046797,-2.00735829216098,-0.725554273532528,0.725554273532528
-0.893728051639804,-3.83785619268116,1.99035544102033,2.74122880330063,-0.255663363773736,1.18215606284785,-0.926492699074118,2.38659354875869,1.69508890084831,-0.93512835415347,-3.14655409545353,-0.0710318367627093,0.0710318367627093
1.19613922963981,-0.655198297021413,1.92510449240171,-2.46604542502011,0.270578771408301,1.00646635235536,-1.27704512376366,0.7712873064141,-0.157373199909018,0.325949644104436,-0.939863750609518,-0.097627012643407,0.097627012643407
-0.0176964534847575,1.92405509331112,-0.765027838789384,-1.14133080103697,1.52002576599334,-0.604004916250963,-0.91602084974238,-0.448074071219513,-0.235423528776972,0.671180794545294,0.0123168054511902,0.325884399414628,-0.325884399414628
1.43676159600121,-5.76256357579317,2.52964005109227,1.79616192869969,0.398967871093107,2.72848011748727,-3.12744798858037,1.39183499451595,0.635377424017164,-0.105333484294231,-1.92187893423888,-0.316978082873423,0.316978082873423
1.14623528666072,-4.99723174286457,2.06034520165236,1.7906512545515,0.00374870956769669,2.3054117292606,-2.3091604388283,0.937084309388073,0.798629643526984,-0.650073626773027,-1.08564032614203,-0.05671573941871,0.05671573941871
1.81174959174381,-5.55044978719537,2.99184031539234,0.746859880059221,-0.293042607747743,-0.156741238699813,0.449783846447556,1.50790544822467,2.0618791840675,-0.311893528579701,-3.25789110371247,-0.291333833514125,0.291333833514125
1.58709651558161,-4.39720771423593,0.597771316360764,2.21233988229355,0.0788913915614301,1.4073839462291,-1.48627533779053,0.459110246197401,-0.207932752153326,0.0385948064110231,-0.289772300455098,0.539050655546404,-0.539050655546404
3.40837124580158,-5.09461963825335,0.289040351352994,1.39720804109878,0.621644809064679,0.671832695906568,-1.29347750497125,1.32219409400863,0.671526404249613,-0.478437986815239,-1.51528251144301,-0.714721015346603,0.714721015346603
2.15722539833976,-6.68153446529004,3.07356547290767,1.4507435940426,-0.604234315372919,1.46634603414333,-0.862111718770415,2.60547315648061,2.12460411979776,-0.899552674219513,-3.83052460205886,-0.205395923838203,0.205395923838203
-0.394688854071708,0.451690788313099,0.507133483434121,-0.564135417675512,0.615507814362267,0.145809907139395,-0.761317721501662,-0.271770247753595,0.912020920257862,-0.154087043512742,-0.486163628991526,-0.565211568917736,0.565211568917736
0.247770916517249,-6.59325593208634,2.10819265224744,4.23729236332165,0.334401213358766,0.24395957947823,-0.578360792836996,1.47657836700607,1.81285530206849,-0.317163255560234,-2.97227041351432,-0.339515798291027,0.339515798291027
0.398930021010517,-6.87244922992282,2.70227052818141,3.77124868073089,-0.274520217029322,1.41601718419546,-1.14149696716614,2.25735832206372,2.09990769925186,-0.768239655281466,-3.58902636603412,-0.34318578443317,0.34318578443317
2.27141460500873,-6.09849687768061,0.724256487720473,3.1028257849514,0.522566256893123,0.871401330093868,-1.39396758698699,1.75367629980333,1.56596882330192,-0.57313093138693,-2.74651419171832,-0.542870808832858,0.542870808832858
0.35696375160026,0.235645987784149,-1.13521840080672,0.542608661422313,0.0833979194485311,-1.26684042385731,1.18344250440878,-0.446664052583819,0.225724385835342,0.155988623592611,0.0649510431558662,0.0343683346847036,-0.0343683346847036
0.161168987594007,-3.8622223806408,2.43413202605178,1.26692136699502,-0.010529196005851,0.0409001457372855,-0.0303709497314345,0.15789304616199,0.64995388253288,-0.408052897559513,-0.399794031135357,0.609329604001541,-0.609329604001541
0.148623460054791,-2.35307312693673,0.368766322486272,1.83568334439567,-0.485274746468868,1.33913480969564,-0.853860063226774,2.2406707569941,1.74879772249818,-1.21791333351597,-2.77155514597631,0.116849016142428,-0.116849016142428
3.46416326554502,-5.6580532908406,0.119810821627373,2.0740792036682,0.380180094946386,1.74306419994188,-2.12324429488827,1.04853876459053,1.2931137458396,-0.420806004327018,-1.92084650610311,-0.14328285388893,0.14328285388893
3.12526442981642,-5.47641556634266,1.8369552017997,0.514195934726542,0.593235734477135,0.160304433304599,-0.753540167781734,1.70432319103776,1.4074852702014,-0.359841736086807,-2.75196672515235,-0.230067941240346,0.230067941240346
0.544417297805087,-0.241057862532489,-0.108289479154372,-0.195069956118225,0.214607411767042,2.96848541864237,-3.18309283040941,-0.315272435514841,-0.371435693107106,0.316667003141267,0.37004112548068,-0.154889990614639,0.154889990614639
3.27243748978187,-5.97596954396662,1.87943593552579,0.824096118658967,0.332020691471274,1.40750678058507,-1.73952747205634,1.52195921805874,2.10194516910274,-0.578988906366409,-3.04491548079507,0.188931946468996,-0.188931946468996
-0.554392512134827,-3.39039331000673,1.06466674320425,2.88011907893731,-0.256570737270146,0.587842569757789,-0.331271832487643,-0.422126644761939,-0.48219181452729,0.232951657348101,0.671366801941128,-0.125507389937663,0.125507389937663
2.90303724995818,-7.0382583374796,1.61823360875683,2.5169874787646,-0.0102147369891162,1.50774596406359,-1.49753122707448,2.67395472341581,2.30791507812392,-1.1025780705534,-3.87929173098633,-0.285212160109772,0.285212160109772
0.719177250959053,-5.58415374218497,1.24880156240717,3.61617492881875,0.695945036194352,0.95574311733239,-1.65168815352674,1.12208016514078,1.05618207739713,-0.282040998688735,-1.89622124384917,-0.280282517089897,0.280282517089897
1.55302210612319,-1.31924768159165,-0.490862826820031,0.257088402288495,0.401350357465461,-0.0868288535292187,-0.314521503936242,1.23014704873999,0.411905064495178,-0.650117210582778,-0.991934902652388,-0.303673287884464,0.303673287884464
0.273383103994727,-1.32994172443808,1.15947785427078,-0.102919233827426,-0.0925153199802943,0.17756716499613,-0.0850518450158358,-0.0625996675251161,-0.00691698966251644,0.28109996497998,-0.211583307792348,-0.0479089783457135,0.0479089783457135
0.483929374547148,-5.43872864437477,3.50300856433575,1.45179070549187,0.259976610592802,2.01620841287088,-2.27618502346368,0.867823412091096,1.04973730443763,-0.15921158956642,-1.7583491269623,0.19203417060463,-0.19203417060463
2.17384315810559,-5.43033892405964,2.11489661837783,1.14159914757622,0.745378923870974,1.82877731127144,-2.57415623514241,0.774893160512658,0.672008406405395,0.0884373219257616,-1.53533888884381,-0.0677809841209448,0.0677809841209448
1.69372411311306,-3.37900151895958,0.426585305874186,1.25869209997234,0.158894613544108,-0.484179470423062,0.325284856878954,0.0470481842352722,0.301249961950284,0.40215343434546,-0.750451580531015,0.175682875954165,-0.175682875954165
1.25858311713189,-4.7604126259913,3.27871426191425,0.22311524694515,0.0105516569835296,1.18385911482417,-1.19441077180769,1.4565808172553,0.787934276601949,-0.390685965212301,-1.85382912864495,-0.15964393993247,0.15964393993247
1.97809485724717,-1.91157575332322,-0.0277241471936747,-0.0387949567302771,1.54191538289846,0.373408280315784,-1.91532366321424,-0.0893912827664479,0.227815310276154,-0.0445463886845292,-0.0938776388251764,0.361229679301012,-0.361229679301012
2.99087673428599,-5.85126364752962,0.547300583860569,2.31308632938306,0.969442159803872,1.4134964706874,-2.38293863049127,0.992557058319953,0.914842978742701,-0.0393934079248927,-1.86800662913776,-0.284812277350228,0.284812277350228
0.217512476287741,-3.41368986492119,0.935136632073926,2.26104075655953,0.158807611663335,0.0271957047777414,-0.186003316441077,-0.237383794288228,-0.0617237583628866,0.130239569122582,0.168867983528532,0.062347121525687,-0.062347121525687
2.30783920412221,-5.85525118525809,1.647887056903,1.89952492423288,0.507251563014514,2.04568640586842,-2.55293796888293,2.09171446793026,1.18388246157328,-0.993208967312465,-2.28238796219107,-0.429741684601337,0.429741684601337
0.0301122490599304,-0.0179715879031408,-0.615054356102081,0.602913694945292,-0.403690059794258,0.302269828281575,0.101420231512684,-1.05853971281244,-0.912190928461456,0.292101890039235,1.67862875123466,0.257601468116628,-0.257601468116628
2.20234032201303,-4.36541388692396,1.22429821985564,0.93877534505529,-0.450517041430804,1.61214840636229,-1.16163136493149,0.479324202685098,0.113695785265971,-0.0801098934007811,-0.512910094550288,0.12850714637923,-0.12850714637923
1.25929434461848,-1.72163449967948,0.300293307698229,0.162046847362773,-0.462951057607512,2.70950322959571,-2.24655217198819,1.15007227129332,0.856665585995961,-0.80533115802415,-1.20140669926513,0.161057582036706,-0.161057582036706
1.27456509503274,-3.50297807596904,1.57463748003207,0.653775500904227,0.170814875016035,-0.473711309403613,0.302896434387578,-0.538295903233174,0.045350008602699,0.695205332981348,-0.202259438350873,0.185701779938365,-0.185701779938365
0.716054796008062,-0.946330764017733,1.10799614180776,-0.877720173798084,0.32306179312981,-0.00320194899206743,-0.319859844137743,0.492262555866587,0.207420839735831,0.335187692392401,-1.03487108799482,0.375779996718748,-0.375779996718748
1.71760240823134,-5.57988296560143,1.1188572783724,2.74342327899769,-0.61857328126166,0.169212873621495,0.449360407640165,1.73893895178121,2.13334015416714,-0.623885887668232,-3.24839321828011,-0.415006942058869,0.415006942058869
-1.80110102020776,1.49186259363936,-0.295587848493212,0.604826275061616,-0.0850010865739742,-0.215155015593969,0.300156102167943,-0.113623471355699,-0.40883918833287,0.283480695200013,0.238981964488557,-0.305151143685497,0.305151143685497
3.53170270488536,-6.4677449985314,0.636439259050761,2.29960303459528,0.282932239137685,1.33364113786273,-1.61657337700041,1.24595593134957,1.72700986360128,-0.420100424577316,-2.55286537037354,-0.13133911385788,0.13133911385788
0.478110354310338,-7.27545270282663,2.91765595795362,3.87968639056267,0.154800897304848,0.837370194122149,-0.992171091426997,2.25627508153124,2.04347387530425,-0.595989089986663,-3.70375986684883,-0.255940694259284,0.255940694259284
2.16063185244232,-6.82545623914965,2.23423950163427,2.43058488507307,0.326210344034572,0.654874802607313,-0.981085146641885,2.46513840935629,2.1303957356749,-1.059130139579,-3.53640400545219,-0.245153332178525,0.245153332178525
1.37427707737246,-0.848231316961871,0.000987204339829813,-0.527032964750423,-0.671960400879952,0.289596929392815,0.382363471487136,0.0519626739767807,0.0756259915522985,-0.307796395174183,0.180207729645103,-0.192403731408942,0.192403731408942
1.08007845899178,-0.403750956664135,0.047790803235981,-0.724118305563629,-0.453885251944375,0.892295569721967,-0.438410317777592,0.200724326081222,1.06224298491831,-0.357803098812181,-0.905164212187351,-0.0738548768350342,0.0738548768350342
1.79662137195614,-6.86281123543831,0.978124468889833,4.08806539459234,0.463624163270704,1.10306012334123,-1.56668428661194,1.73387624152739,1.70904596575375,-0.5773019538121,-2.86562025346905,-0.450977684464732,0.450977684464732
-0.434570029045919,-1.02479728075429,0.933197778661256,0.526169531138948,-0.541803338577366,0.124238358352519,0.417564980224847,-0.10509168690092,0.0279398679197261,-0.196686214825237,0.273838033806431,0.237247173151911,-0.237247173151911
0.669844718650868,-1.08760188218132,0.641679104603011,-0.223921941072561,0.442634495931298,2.70219883508158,-3.14483333101288,0.205201831817818,0.0648756620496765,0.189071404457593,-0.459148898325087,-0.259141754845731,0.259141754845731
-0.402826219643144,-1.07116236537063,0.176169898230829,1.29781868678294,0.356065251242183,-0.958793559329105,0.602728308086922,0.579665266369129,0.175940131408688,0.197592731564082,-0.953198129341898,-0.0159716053013454,0.0159716053013454
3.16497613299241,-7.19442114858624,1.54470974230772,2.48473527328611,0.324693966791438,1.5782765013838,-1.90297046817524,2.73454302447673,1.80601747759435,-0.901477145007192,-3.63908335706388,-0.469693252040569,0.469693252040569
1.46261657145666,-5.720303629101,0.393559426676774,3.86412763096756,0.378040712112478,1.69856157117117,-2.07660228328365,1.36405557079951,1.25138510551832,-0.600362692761366,-2.01507798355646,-0.53568270876247,0.53568270876247
0.310306113507383,-6.42340958333493,1.98216553365957,4.13093793616798,0.0571942582578058,0.680638828194763,-0.737833086452569,1.55831354959554,1.80308375350198,-0.349150311902081,-3.01224699119544,-0.457507068384266,0.457507068384266
0.405999605376011,-4.40980707487874,1.36495280522134,2.63885466428139,0.0333873378025436,1.00408736189922,-1.03747469970177,0.217502120826439,0.230007854327935,0.211427514521052,-0.658937489675426,-0.511416111884086,0.511416111884086
-0.160576955306551,-3.91660295517075,2.77362857437562,1.30355133610169,0.844060702154756,-1.15593254201199,0.311871839857231,0.315548519221826,0.322472745988731,0.368175042432869,-1.00619630764343,-0.00350133147221197,0.00350133147221197
-0.216312884418312,-4.93828631080018,1.56719250277682,3.58740669244167,-0.0670022952231482,-0.0625507520055425,0.129553047228691,0.550836951571612,1.39037599539586,-0.280763770575663,-1.66044917639181,-0.345474170510123,0.345474170510123
-0.00625535461789087,0.259861916041977,-1.10353632935317,0.849929767929083,0.313076062950611,-0.381577298253685,0.0685012353030735,-0.50877081144652,-0.190014450354999,-0.180960602197724,0.879745863999244,-0.21437457340512,0.21437457340512
2.36696899347613,-6.71461224122583,2.0121942039594,2.3354490437903,0.256602016096999,1.61769406719958,-1.87429608329658,2.58413930484198,1.82294294085171,-0.779601584616642,-3.62748066107705,-0.422115183385267,0.422115183385267
3.12337331382615,-5.32588620675521,1.0232481326366,1.17926476029246,0.557099555072872,-0.505363844692926,-0.0517357103799468,0.925134008665788,1.33275692228966,-0.074012393859106,-2.18387853709634,-0.408791399051935,0.408791399051935
1.07979736405862,-7.08302657751477,1.71602189050058,4.28720732295558,0.451376160117963,1.12776231645009,-1.57913847656805,1.66751176715926,2.01649547964444,-0.494396245386124,-3.18961100141757,-0.548192034999697,0.548192034999697
0.067667309243029,-5.40381134405751,3.26434789382659,2.07179614098789,0.381612867261597,1.3803051690064,-1.761918036268,1.40403870247413,1.13476952715435,-0.591479431489574,-1.94732879813891,0.0398036698177455,-0.0398036698177455
1.62668474040291,-6.9979586382062,2.10159754871007,3.26967634909322,-0.491261026067807,1.05063601655807,-0.559374990490259,2.46320373892625,2.46371302367986,-1.0969144702919,-3.83000229231421,-0.205152497239118,0.205152497239118
2.00315829973119,-5.07675445536205,1.14146108098438,1.93213507464648,0.509863275617942,2.45646367828374,-2.96632695390168,0.70635189152209,0.649329621977344,-0.474371711154741,-0.881309802344693,0.0211524695947611,-0.0211524695947611
-1.05220067834033,0.818595170388177,-0.294714861778705,0.528320369730856,-0.255210978419997,0.564644240445496,-0.309433262025499,0.328805744304157,0.201421009827161,-0.164148230023692,-0.366078524107626,-0.00882006210126518,0.00882006210126518
1.59699496374215,-4.50137112716581,0.740937915821912,2.16343824760175,-0.650436165853349,1.93009354768284,-1.27965738182949,1.00460172136329,0.190347673626863,-0.0917319874768792,-1.10321740751328,-0.282020346491127,0.282020346491127
1.10357730721244,-2.68105828248264,1.80871352739353,-0.231232552123321,1.02784968119562,0.676053416856939,-1.70390309805256,0.294138382100404,-0.696479739034882,0.169408530956041,0.232932825978436,0.166007505593546,-0.166007505593546
3.03684399699194,-7.05943556208862,1.68810448162809,2.33448708346859,0.275967040589171,1.6183571284477,-1.89432416903687,2.44922966217827,1.99281348423187,-0.819851113412113,-3.62219203299802,-0.53307705848431,0.53307705848431
1.12754835085798,-0.265126402065467,0.0600940395724062,-0.922515988364921,-0.427194680562434,0.326647597201242,0.100547083361192,0.0948552302707515,0.142290885816301,-0.219078184497465,-0.0180679315895873,-0.0697822368108034,0.0697822368108034
1.25973555861044,-5.08104917490849,3.24971156151398,0.571602054784073,0.397990003753186,0.256011018380287,-0.654001022133473,1.62581960508936,1.35754207208822,-0.553247201371173,-2.43011447580641,-0.132746125549504,0.132746125549504
0.583146407637893,0.0373738634662996,-0.804293565273383,0.183773294169191,1.33888056504011,0.361511163438888,-1.700391728479,0.0613324709573852,-0.0786523604247965,-0.552714826269244,0.570034715736655,-0.216155931164276,0.216155931164276
0.426914952279718,-1.46840204309801,-0.288074773564673,1.32956186438297,1.05268827869985,0.216791070104959,-1.26947934880481,0.686451415180735,-0.0504347891084502,-0.233487318737046,-0.402529307335239,0.0128639968588769,-0.0128639968588769
2.86670768411768,-6.17530383068022,1.99363871418904,1.31495743237351,0.568334510065847,1.98107425397927,-2.54940876404512,1.23206002003116,1.02281713214972,0.0108240141640565,-2.26570116634493,0.109845886553255,-0.109845886553255
0.578032761671376,1.37726563837603,-1.20372376684415,-0.75157463320326,0.175139110670367,-0.151833971094938,-0.0233051395754287,-1.65997846616088,-1.00285567474128,0.753590859250284,1.90924328165188,0.135613229257378,-0.135613229257378
0.790510177476201,-1.13628979852008,0.299277847203379,0.046501773840501,-0.112377340978112,0.310162573894454,-0.197785232916342,-0.192105752957236,0.558302821402076,-0.808406966717599,0.442209898272759,-0.127225132921062,0.127225132921062
3.33468410031561,-6.19750309577325,1.27304966159857,1.58976933385907,0.370609385005,1.35449077902206,-1.72510016402706,2.01928088008622,1.7518407500776,-0.621491384557728,-3.1496302456061,0.0938507524828834,-0.0938507524828834
0.141356413244313,-6.18750650258777,2.75958135366212,3.28656873568134,-0.289171633115762,1.38821391725408,-1.09904228413832,1.98190468432974,1.43746756374709,-0.140199871560221,-3.2791723765166,-0.425336164274369,0.425336164274369
1.05993517304573,-4.5335145355883,2.49063160714036,0.982947755402217,0.025202552478709,1.60281439312372,-1.62801694560243,1.13305168325846,0.172067733672613,-0.296702686568016,-1.00841673036305,0.508974381939447,-0.508974381939447
0.848811477054256,-1.14674773231707,-0.101050997741763,0.39898725300458,-0.663154141883843,1.48528640027123,-0.822132258387385,0.202400968955698,0.0772017438128704,0.12112493166262,-0.400727644431189,-0.139117453371256,0.139117453371256
2.58936189558136,-4.93548448041577,0.658522930106978,1.68759965472743,0.437768455959617,1.65544678797155,-2.09321524393117,1.02725793626188,-0.0150891889548906,0.0379163077018505,-1.05008505500884,0.277970673395904,-0.277970673395904
1.51647351563905,-5.39434784148691,1.63276253893445,2.24511178691341,-0.497050678899488,1.42412308964227,-0.92707241074278,0.963051668896426,1.26531540052539,-0.248107667551188,-1.98025940187063,0.516232457039559,-0.516232457039559
1.58343272576652,-6.89047143860403,2.16502735785617,3.14201135498135,0.270396463550181,0.781972255214423,-1.0523687187646,2.35082573628225,2.38655559786853,-1.01543113190278,-3.72195020224799,-0.124177599714593,0.124177599714593
2.36978115251778,-4.31026775131497,0.680374857598028,1.26011174119916,0.499980240505438,-0.0251865557733584,-0.474793684732079,0.502150618074037,0.725724738932065,-0.491037298370464,-0.736838058635638,-0.565279933929624,0.565279933929624
0.727669983042231,-0.636302908027896,-0.45168199580764,0.360314920793304,-0.250766820815439,0.412581296682688,-0.161814475867248,0.379015711123691,-0.265373729773856,-0.102482848428019,-0.0111591329218164,0.0814936928997269,-0.0814936928997269
1.80809402065615,-5.90549990237861,3.13381409425201,0.963591787470452,0.121687251755847,0.0316972083987356,-0.153384460154583,1.99113944460247,2.09109225288747,-0.7106792656234,-3.37155243186654,0.00318161657849827,-0.00318161657849827
-0.395548523738299,-1.12518176118454,1.39859360293505,0.122136681987792,0.0973257270604432,1.02722920065069,-1.12455492771113,1.07349830899391,1.05576303659142,-0.058266153811001,-2.07099519177433,0.759907515782427,-0.759907515782427
1.52051946200126,-3.01422010477401,1.06447114855793,0.429229494214818,0.310542838491299,2.12477617993287,-2.43531901842417,1.05735375749635,-0.254156772491874,0.198771591058391,-1.00196857606287,-0.206630728059614,0.206630728059614
0.60053200599557,0.156910319095845,-0.807421100192671,0.0499787751012557,0.361448488364061,-0.639762389463072,0.278313901099011,0.234609286941489,0.835866712703166,-0.46869927460687,-0.601776725037785,0.374974290810629,-0.374974290810629
-1.20155384019993,-1.66779363539765,1.81540947477257,1.05393800082501,0.275047562553813,0.597161711925774,-0.872209274479587,1.34748985069886,1.19040808107789,-0.726979087577003,-1.81091884419974,0.108844708190947,-0.108844708190947
0.913829157769428,-2.72324971580754,0.384238552106815,1.42518200593129,-0.465500493425391,0.571212162559451,-0.105711669134059,0.234203656113174,1.20422846412381,-0.456460933114372,-0.981971187122612,0.37190713504743,-0.37190713504743
2.7929815234844,-6.97063286761879,2.40937141575967,1.76827992837472,-0.189488701489673,1.5222157563859,-1.33272705489622,2.70007068142835,2.19091334904326,-1.05900015140139,-3.83198387907021,-0.226863431676172,0.226863431676172
2.20345946527786,-6.92748098681592,1.41087749781568,3.31314402372238,-0.605057697294509,1.16829226323822,-0.563234565943711,2.43303521352733,2.28111752398756,-1.17380279832298,-3.54034993919191,-0.181119621056438,0.181119621056438
2.6495152696804,-6.01630847223911,2.60544226856185,0.76135093399686,-0.169249931992688,0.625924979286234,-0.456675047293546,2.05887129644164,2.26872950171326,-0.797372588252672,-3.53022820990223,-0.128942190907218,0.128942190907218
2.29860675947276,-5.7806969424361,1.67156077495718,1.81052940800617,0.507320444375684,2.62732371017454,-3.13464415455022,1.36302874193924,0.451025254302788,-0.0865349403572989,-1.72751905588473,-0.270880006574405,0.270880006574405
2.06586161016954,-4.32847293921234,1.8387734759849,0.423837853057906,-0.0563827232664987,-0.184007027626793,0.240389750893292,0.879615846716175,1.17771694468858,-0.292868300865352,-1.7644644905394,-0.390570025499014,0.390570025499014
2.89500251292773,-5.15789707821557,0.213152886298826,2.04974167898901,0.476682786288403,1.31639034415035,-1.79307313043876,1.27677744859447,0.497629647204005,-0.157256074546297,-1.61715102125218,-0.71526148222574,0.71526148222574
-0.584135975111371,0.0336763419357149,-0.260212471981654,0.810672105157309,0.396310506244671,0.00983159233482473,-0.406142098579495,-0.247561503924305,-0.605498616560302,0.268331074211308,0.584729046273299,-0.368391314994406,0.368391314994406
0.106951908795033,-0.115132902257726,-0.0852668252574903,0.0934478187201834,-0.20969361261214,0.0184894702262832,0.191204142385857,-0.336579890954537,-0.0215674372271668,-0.29619669909225,0.654344027273954,-0.202793279665631,0.202793279665631
2.60988508389243,-6.12503326705212,2.03124231130881,1.48390587185088,-0.646517590550131,1.24930182299751,-0.602784232447381,2.43127192116221,2.18669345912707,-1.00745599437738,-3.6105093859119,-0.317001163499017,0.317001163499017
0.724178177265906,-0.735403458916259,0.167594742630847,-0.156369460980494,0.298757332887178,-0.0906929791439574,-0.20806435374322,0.142664198606203,-0.265166348229711,0.129281192401223,-0.00677904277771563,0.163579492404582,-0.163579492404582
-0.397412004516406,0.283591507985231,0.0988729446646187,0.0149475518665558,0.151351020260773,-0.218426505716331,0.0670754854555582,0.533347210604725,-0.257903608605324,0.437072294165087,-0.712515896164488,0.0465753335247257,-0.0465753335247257
3.29160519515669,-6.35661819628727,1.44948277607792,1.61553022505266,-0.416666553192401,1.19499450432679,-0.778327951134387,2.43832128242548,2.15326248380693,-1.13024331394963,-3.46134045228278,-0.321732810573202,0.321732810573202
1.59276124204894,-6.40013420036011,3.89559330595749,0.91177965235367,0.0702025781333408,0.978565771792522,-1.04876834992586,2.07088317548998,2.13401759271075,-0.996340956119617,-3.20855981208111,-0.0494076688481931,0.0494076688481931
2.90079139550489,-4.46342414548482,1.2862885489326,0.276344201047334,0.761163880674078,-0.323608244442447,-0.437555636231631,0.357546809074207,0.422191316409686,0.38652198608362,-1.16626011156751,0.101068626842622,-0.101068626842622
3.44077752173515,-6.58562690752998,1.37655087407302,1.76829851172181,0.0738298324060617,1.34980140670796,-1.42363123911402,2.67322658313094,2.21192066600611,-1.09781428333543,-3.78733296580162,-0.268238533610395,0.268238533610395
3.31968098746695,-6.54271764756358,1.47373006941755,1.74930659067909,0.0449446107092902,2.04687852864688,-2.09182313935617,2.13151187929156,1.99878899422605,-0.760604150807495,-3.36969672271012,-0.00238594715464933,0.00238594715464933
2.9223846224245,-6.95776661209108,2.27849094627153,1.75689104339505,0.220953143681577,0.979152759697958,-1.20010590337953,2.56728679091499,2.15254294388404,-0.86657408003013,-3.8532556547689,-0.421893052961684,0.421893052961684
0.262221445928528,-0.963010445366449,0.709016907207578,-0.00822790776965654,-0.516111196310603,0.501867773713568,0.0142434225970351,1.40199945618366,1.98041395665363,-1.05148953153885,-2.33092388129843,0.0960980235492012,-0.0960980235492012
2.20827729991883,-4.53706234698734,1.20904773102752,1.11973731604099,0.759619286299154,0.0229907395942969,-0.782610025893451,0.206669832514204,0.525801716009351,0.237688561748258,-0.970160110271813,0.592422310545855,-0.592422310545855
1.5117236554734,-2.49408403332251,0.985269226248706,-0.00290884839959249,0.595679439761628,2.49686083635137,-3.09254027611299,1.12769602660153,0.74873701739506,-0.493857065854137,-1.38257597814245,0.380663698213405,-0.380663698213405
1.37653240471768,-6.30036443161317,3.25814153247893,1.66569049441657,-0.240444294476131,0.653240837546789,-0.412796543070658,2.11771586176653,2.26734315492614,-0.886308026640794,-3.49875099005187,-0.0251769734280004,0.0251769734280004
1.73412436624247,-2.08433333016594,1.49306747707757,-1.14285851315409,-0.115028884556517,0.920974217195363,-0.805945332638845,1.65318811973239,1.75026366660667,-0.828517001815569,-2.5749347845235,-0.368034857291815,0.368034857291815
0.598576649852694,-2.34933381311139,-1.03773673616981,2.78849389942851,0.269648002381599,1.55987407474895,-1.82952207713055,0.335076032811468,0.739817019203279,-0.241371859367201,-0.833521192647546,-0.224774521672442,0.224774521672442
0.689878976673169,-2.04967174379249,0.335917469853283,1.02387529726604,0.822019371385731,1.68336536246823,-2.50538473385396,1.09537458461058,0.0363517909920332,-0.174342779377341,-0.957383596225269,-0.105191651560943,0.105191651560943
0.0675358405748105,-5.92272103017103,2.50210677844688,3.35307841114934,0.676455158662543,-0.359356310338112,-0.317098848324431,1.04613031319527,1.83036975677408,-0.317793583266809,-2.55870648670254,-0.161780756668655,0.161780756668655
2.42090688898324,-5.85128614908108,2.01385736682043,1.4165218932774,-0.620950051770363,1.76157759516397,-1.1406275433936,1.9409649563494,1.64541331361591,-0.402457299020246,-3.18392097094507,0.0390709513842561,-0.0390709513842561
0.607744171631723,-0.817519624559503,1.55438262174497,-1.34460716881719,0.641369738582738,2.12955759830713,-2.77092733688987,0.970790828736821,1.00299187839994,-0.600027429826028,-1.37375527731073,0.489503089461999,-0.489503089461999
2.48693505842276,-7.49505697612627,1.71263816502986,3.29548375267366,0.181584889595884,2.23044250593579,-2.41202739553168,2.06896791951361,1.88140171666789,-0.370746676215723,-3.57962295996578,-0.0729774512095019,0.0729774512095019
0.236214260064101,-0.115610835210495,0.453262771624124,-0.57386619647773,0.38739123985399,0.969062953988543,-1.35645419384253,-1.25851159395329,-0.7792941343528,0.245927433919338,1.79187829438676,0.422040081403133,-0.422040081403133
0.172699890682364,-4.64819581883348,3.08495898745189,1.39053694069923,0.559283618576131,1.33809913449775,-1.89738275307388,0.584183126467691,0.23673617482326,0.064117700307908,-0.885037001598859,0.501488434589056,-0.501488434589056
0.840156109367344,-1.47240525926527,-0.231435641893732,0.863684791791662,-0.213703511345286,0.556583461556543,-0.342879950211257,0.732664746045606,0.283481031304566,0.29757989399076,-1.31372567134093,-0.0271354138268094,0.0271354138268094
2.06556720472708,-7.56631309430179,1.47409656542697,4.02664932414774,0.0981068864910808,1.79215427229188,-1.89026115878296,2.53879268795071,2.11429509698861,-0.870851850353867,-3.78223593458545,-0.317418568688537,0.317418568688537
0.463181639224552,-0.286963553738691,-0.676670372694828,0.500452287208967,-0.300603021298886,2.70259881820846,-2.40199579690957,0.943606651523997,0.614515464253443,-0.277866663862492,-1.28025545191495,-0.149247614041651,0.149247614041651
1.9068695867542,-3.35267690400038,0.68177683866944,0.764030478576739,0.51098431786841,-0.413731877105541,-0.0972524407628686,0.0325881458282259,0.444216028581344,-0.528214942837776,0.0514107684282056,0.229748428844387,-0.229748428844387
0.768005896372994,-4.42496818912182,1.497946955203,2.15901533754582,0.352562814188153,0.979503813088529,-1.33206662727668,-0.0658849471798503,0.480369524036257,0.324832180576726,-0.739316757433133,-0.0959970830023574,0.0959970830023574
-0.0792121796891383,-4.36313562097793,3.04639960354542,1.39594819712164,0.607018963791018,-0.804568009940602,0.197549046149584,0.677606859944314,0.856796316022698,0.183613870566801,-1.71801704653381,-0.176881464522775,0.176881464522775
2.73285446917932,-6.41613447435225,2.06502906339131,1.61825094178162,0.609588042249384,0.933181226171723,-1.54276926842111,1.89391282251667,1.79545241311428,-0.669804689147835,-3.01956054648311,-0.287650995326973,0.287650995326973
0.756730283366558,-0.327725895458134,0.0775953359703956,-0.50659972387882,-0.264449821973167,0.710076764438624,-0.445626942465456,-0.443358285841606,0.38352438588572,-0.233768270986389,0.293602170942275,-0.122206998071094,0.122206998071094
0.0680143865920068,0.0899191009594234,-0.216437011812082,0.058503524260652,-0.188519337020902,-0.0547776694655916,0.243297006486494,0.193936809304604,0.244199716027912,-0.476663571974362,0.0385270466418456,0.120878434445786,-0.120878434445786
2.34459091267993,-7.21884155827684,2.40846882494985,2.46578182064707,-0.0178413207012397,1.54740190719093,-1.52956058648969,2.68024782009291,2.55788013889137,-1.07178513910493,-4.16634281987936,-0.298714452863016,0.298714452863016
1.0025015936,-6.78296580339251,3.29432818198226,2.48613602781025,-0.304227991747533,1.53937141661738,-1.23514342486985,2.3902856963144,2.16104861572244,-1.23090315260796,-3.32043115942889,-0.116615461087292,0.116615461087292
2.30054568156854,-6.1494161607973,1.5950610773049,2.25380940192386,0.638409017756789,2.68200626456114,-3.32041528231793,1.75595109812745,1.04344277177988,-0.735360999383409,-2.06403287052392,-0.0698581395668169,0.0698581395668169
0.755061876550589,-2.00374271512597,0.420314625384523,0.828366213190859,0.241493886914583,3.04266277761975,-3.28415666453434,0.75681865565672,0.842267932457973,-0.419180468825657,-1.17990611928904,-0.363032557412547,0.363032557412547
2.48440523972678,-5.84376521861524,2.4919002837145,0.867459695173965,-0.196734485719926,0.668989874177768,-0.472255388457843,1.90641768673576,2.28731719425285,-0.793969271548296,-3.39976560944032,-0.0497233357923285,0.0497233357923285
-0.446719673757164,-4.23018744924192,1.89864838690828,2.77825873609081,-0.889988027054474,0.731379574110484,0.158608452943991,0.705806691831449,-0.0236998219368686,-0.0939829771558589,-0.588123892738721,0.214310042477614,-0.214310042477614
-0.103088405271573,-0.422322239742217,0.753413554636925,-0.228002909623135,-0.156714933367787,3.1149047199941,-2.95818978662631,0.985299016818997,0.175874464363485,-0.284112731677626,-0.877060749504855,-0.104574714981485,0.104574714981485
1.98813594924984,-4.01260215240551,1.00184354884708,1.02262265430859,-0.047210303557822,0.221567535179619,-0.174357231621797,0.143127407962508,0.816002224354557,-0.555427981772277,-0.403701650544789,-0.192676446056416,0.192676446056416
1.09460175768975,-4.26191765466031,0.0690639663990452,3.09825193057152,0.702994778715863,0.115901626530164,-0.818896405246028,0.312062569401493,0.577325793271561,-0.251938872822507,-0.637449489850547,-0.384655701769093,0.384655701769093
0.0625799546785772,-5.93018831391618,3.66835590505514,2.19925245418246,0.245114114751649,1.54625561709568,-1.79136973184733,1.15069849843505,1.37630054755247,-0.480507627622524,-2.04649141836499,-0.047208314708984,0.047208314708984
3.52822735835286,-6.60585266470317,1.38217481707589,1.69545048927442,-0.0539190103909037,1.55407327455442,-1.50015426416352,2.70530301916406,2.13425871726192,-1.1384703716762,-3.70109136474977,-0.305740690664781,0.305740690664781
1.2561705587952,-3.98853094636829,2.62944756580271,0.102912821770376,0.302445882295957,0.538160776920844,-0.840606659216801,0.355692513298637,0.0274966096020101,-0.265851766662959,-0.117337356237688,0.0294221984218291,-0.0294221984218291
2.03460685808837,-5.96447817093149,2.95220724857381,0.977664064269309,0.661056860595944,1.11987992597621,-1.78093678657215,1.55572403933579,1.74877072668365,-0.572553858377023,-2.73194090764242,0.333822519055495,-0.333822519055495
2.22366935201256,-4.30263742940567,1.72199179001404,0.356976287379069,0.550971037134622,-1.05894612231251,0.507975085177886,0.938070544696644,1.09876962041203,-0.450224337746547,-1.58661582736213,-0.126404935276223,0.126404935276223
-0.0582559198435881,-0.236168242869928,0.370402010590962,-0.0759778478774457,0.168630880282413,2.21520201393592,-2.38383289421833,1.55589857493517,1.32096714686434,-0.923872147671293,-1.95299357412822,-0.214277575002674,0.214277575002674
2.63312876667335,-3.64721550154762,0.478833365457734,0.535253369416541,0.0832707304481582,-0.145848163867093,0.0625774334189345,-0.517023068402789,-0.473246331025511,0.28168722950415,0.70858216992415,0.00528913459652817,-0.00528913459652817
0.372221623317228,-4.86774991732207,1.01319914748414,3.4823291465207,0.390387134985948,1.22647867599505,-1.61686581098099,0.333270799646668,0.708406533294874,-0.0564977115774998,-0.985179621364042,-0.289060670237569,0.289060670237569
3.62079086944311,-6.34208754318235,1.23845670259554,1.4828399711437,0.0249396537856131,2.40597787756314,-2.43091753134876,1.88058743382758,1.29713568087198,-0.664101081549031,-2.51362203315053,0.0273649179632377,-0.0273649179632377
1.40504007708231,-6.1358448878082,3.15847792478272,1.57232688594317,0.823345703173194,2.15714794836177,-2.98049365153496,1.22299678965728,1.21375881110513,-0.232070303022778,-2.20468529773963,0.164688123885268,-0.164688123885268
-0.0921423506540736,0.384070446432134,-0.410645105015479,0.118717009237418,-0.542423210691126,-0.00533558127473285,0.547758791965859,-0.416814544070038,0.215622662637529,-0.105781082174741,0.30697296360725,-0.241468605432437,0.241468605432437
0.258678400445768,-5.99905960195713,3.58599027519725,2.15439092631411,0.635752285346725,0.404749790961341,-1.04050207630807,1.63295381103719,1.70861087302792,-0.615323588965337,-2.72624109509978,-0.084122852501509,0.084122852501509
0.434337647563386,-2.14095991209158,0.675012830619424,1.03160943390877,0.717872069431995,1.6087796374918,-2.3266517069238,0.238222082467345,0.287462724924937,-0.173573633467553,-0.35211117392473,0.557318253144367,-0.557318253144367
1.88327647486626,-5.52639246454916,1.27920110398477,2.36391488569813,0.986649812815991,0.961377365868789,-1.94802717868478,0.447857893635332,1.02693859706625,0.155350138559227,-1.63014662926081,0.0604985530097887,-0.0604985530097887
1.01210388837992,-0.807652378372235,0.904198490379144,-1.10865000038683,0.56390576633147,-0.00913727943611552,-0.554768486895355,0.0458411876239576,0.326311589998371,-0.266675186147342,-0.105477591474986,-0.341900242863021,0.341900242863021
0.290709701427935,-0.158083150165588,0.389670173889463,-0.52229672515181,1.22235751791086,-0.391741578919961,-0.8306159389909,0.178919465927542,0.613592764070026,-0.206724858210188,-0.585787371787379,0.430750397803687,-0.430750397803687
0.657486246817891,-5.9338634718654,3.11722726565939,2.15914995938811,-0.0575213037574453,2.71777209197126,-2.66025078821382,1.30719577496497,0.990485279427462,-0.220549480214573,-2.07713157417786,-0.0376201545025381,0.0376201545025381
1.32989485553062,-1.33126589639951,0.529820509331803,-0.528449468462919,-0.115195778604568,-0.342784614934852,0.45798039353942,-0.896535385779716,-0.11404598366866,0.297490994731784,0.713090374716592,0.0589162065658745,-0.0589162065658745
3.29687210285241,-6.26893283464053,1.40022021155547,1.57184052023266,-0.0195121315139605,1.98942044503676,-1.9699083135228,2.2145322943226,1.91871934180896,-0.767651928621313,-3.36559970751025,-0.0393794794035113,0.0393794794035113
0.872955941279437,-2.83899508723858,1.06938103016095,0.89665811579819,0.953619599137358,2.5773658071306,-3.53098540626795,0.790708717612246,0.568243936783973,-0.152345305761974,-1.20660734863425,0.188815921252884,-0.188815921252884
1.39735287117593,-5.99286031403231,3.09578295832284,1.49972448453354,0.166239405394492,0.822909303151706,-0.989148708546198,1.85404803648802,1.90037195262412,-0.402677628675381,-3.35174236043676,-0.153696250458849,0.153696250458849
2.18550441539355,-5.87390833986528,2.34081094459548,1.34759297987625,0.164831397375125,2.07475629037798,-2.23958768775311,2.09611045310657,1.62551818871684,-1.27291133438185,-2.44871730744157,-0.212782301106367,0.212782301106367
-0.0391198975276689,-5.19864011942652,3.20785783710579,2.02990217984841,0.271513982515725,1.5319869340184,-1.80350091653412,1.3198218504077,1.28182369863388,-0.568997730808436,-2.03264781823315,0.00155424791585193,-0.00155424791585193
2.20877221431962,-4.74535084154178,1.03472114300975,1.50185748421241,-0.44839100275442,1.66181312989638,-1.21342212714196,0.500005883736497,-0.0197442228349275,0.346422947879266,-0.826684608780835,0.0885933172207716,-0.0885933172207716
0.507592664029638,-0.484543351668451,0.0579495646679686,-0.0809988770291565,0.168714572839634,3.10802446699284,-3.27673903983248,0.136950932450702,0.147921465448914,0.185300106665996,-0.470172504565611,-0.282160604014711,0.282160604014711
2.79339350159808,-6.18019644575095,0.53891992680043,2.84788301735243,0.184788448201307,0.682243707721354,-0.867032155922661,1.72935494981307,2.01596172379082,-0.76122368345175,-2.98409299015215,-0.395615420863708,0.395615420863708
-0.403090781417817,-0.49941455808069,0.449837228579612,0.452668110918896,0.386808279463258,-0.229188779732266,-0.157619499730993,-0.0901766743486156,0.817821564033301,-0.526216862425043,-0.201428027259643,0.06293953042159,-0.06293953042159
0.366076050192823,-5.9670439604282,3.09415683441109,2.50681107582428,0.419814141476808,0.802460060279286,-1.22227420175609,1.72208800146916,1.16212947350953,-0.445646889191308,-2.43857058578738,-0.50663572760169,0.50663572760169
0.228442770817061,-6.30490542814012,3.05663152424826,3.0198311330748,0.423649413432439,0.304076236469438,-0.727725649901876,1.71261858909409,1.97775595040793,-0.454248956675333,-3.23612558282668,-0.0242463587582668,0.0242463587582668
0.212595975108361,0.450109706523989,-0.860833958698022,0.198128277065673,1.10731202154104,0.242568954747664,-1.3498809762887,0.238973668568424,-0.217099715033412,0.457758445600672,-0.479632399135683,-0.36407598024559,0.36407598024559
1.91665908008618,-7.57251278411466,1.72523076613555,3.93062293789292,0.0929839569204766,1.83784108700544,-1.93082504392591,2.57547540996154,2.13596977495183,-0.861868516726142,-3.84957666818723,-0.339745055722646,0.339745055722646
0.458866324936951,0.994740935600534,-0.396609530754438,-1.05699772978305,0.113019206655208,2.55485228544145,-2.66787149209666,-0.563623955586538,-0.475486131368904,0.11482953777781,0.924280549177633,-0.337852555328545,0.337852555328545
1.57393169654618,-6.45981340076417,2.58792177257107,2.29795993164692,0.341512653851254,2.8466706602589,-3.18818331411015,1.57901833037583,1.17952909106744,-0.373184842468729,-2.38536257897455,-0.122777101690344,0.122777101690344
3.01860755197548,-5.35243641393291,1.05104588573286,1.28278297622457,-0.0633411927338665,0.470479793997024,-0.407138601263158,2.27381459357087,1.80595470782758,-0.920509191794659,-3.15926010960378,-0.221396980720045,0.221396980720045
2.59446276483463,-6.10847939274448,1.80094442194975,1.7130722059601,0.511592244199438,0.226932174998088,-0.738524419197526,1.89927927449978,1.96505728497086,-0.72236066263225,-3.14197589683839,0.0583345949723147,-0.0583345949723147
0.914911822727428,-6.86055301220672,2.11309795070337,3.83254323877592,0.217970465450988,2.20017491289569,-2.41814537834668,2.08830131012081,1.39871381156908,-0.732952029732056,-2.75406309195784,-0.266560133149501,0.266560133149501
2.01079918981345,-0.980546999458789,-0.90573244071646,-0.124519749638198,0.378584856144845,0.0999148295371604,-0.478499685682005,0.317943412044645,0.406038071710612,0.040142536588941,-0.764124020344198,0.13320042530327,-0.13320042530327
0.594861483715629,-5.93920974007393,3.16471993464731,2.17962832171099,0.0468951708665921,2.59982002852571,-2.6467151993923,1.44001377118787,1.04915070130432,-0.353868684336083,-2.13529578815611,0.0139075424919559,-0.0139075424919559
0.674077804117374,-0.778440773087557,-0.4010738441417,0.505436813111883,0.0893160337823894,0.502982296727732,-0.592298330510122,-0.149580131452413,0.252915074898165,0.0392262976178702,-0.142561241063622,0.109409339518043,-0.109409339518043
0.759126685180973,-2.91666385923187,0.802340328460893,1.35519684559,0.833864845972968,1.10890556522472,-1.94277041119768,0.0414224000290009,0.633091383546897,-0.381451375860242,-0.293062407715656,0.0776109436940594,-0.0776109436940594
0.212126564488999,-6.06593883805166,2.49600404373386,3.3578082298288,0.104971216268173,1.39743636181889,-1.50240757808706,1.72123005081617,1.12770505318728,-0.416921878035219,-2.43201322596823,-0.142998027538361,0.142998027538361
-0.355206408218883,0.0719136088436051,-0.472038508409086,0.755331307784363,0.255714126684624,-0.417178149180408,0.161464022495783,0.0999073460988346,-0.0658620347348394,-0.353624040373264,0.319578729009268,-0.266464512181233,0.266464512181233
0.0604778094983454,-0.160442237258924,0.46224541385183,-0.362280986091252,-0.123718003187999,0.144041912253417,-0.0203239090654185,0.293669647363679,0.428352658437273,-0.441336610036849,-0.280685695764103,0.131351909417269,-0.131351909417269
3.15068820154171,-5.38560363453817,0.932605970324196,1.30230946267226,0.853686318198379,-0.245185384122356,-0.608500934076023,1.2777560814838,1.98975209228203,-0.635878987613323,-2.6316291861525,-0.302191577985654,0.302191577985654
3.21381971872492,-6.57799596185552,0.5803850252507,2.78379121787989,0.616470013380589,1.54504107765735,-2.16151109103794,1.29480264269976,1.64765681575502,-0.313010035489291,-2.62944942296548,-0.400571460271451,0.400571460271451
1.45214006993434,-1.1871657277454,-0.123868208993202,-0.14110613319574,0.54441857882187,2.80990606528962,-3.35432464411149,0.462203744804923,0.0120180748835209,0.240252132606297,-0.714473952294741,-0.154091733657058,0.154091733657058
1.19092606300442,-3.89086659191128,0.357451396553621,2.34248913235323,-1.00556923290909,0.560653959197144,0.444915273711945,0.660760847168422,1.03719851752788,-0.861373910646876,-0.836585454049424,0.136133480473728,-0.136133480473728
1.72375616714723,-4.88631535461682,0.756181592406334,2.40637759506326,1.10721702523707,-1.43539618715726,0.32817916192019,0.736697431120448,1.05252409999059,-0.22528206310991,-1.56393946800113,0.19107288163715,-0.19107288163715
3.24260901115772,-5.8711941730228,1.89065647328282,0.737928688582262,0.336713407696195,1.33658539848153,-1.67329880617773,1.65553791859752,1.92802877528422,-0.514321703654861,-3.06924499022688,0.271240860663392,-0.271240860663392
0.635476841333677,-5.90143148871868,3.29518997727714,1.97076467010786,0.0181442531475511,1.36547579299798,-1.38362004614553,1.28594252835604,1.16814323166767,0.481906282560942,-2.93599204258465,0.0560293449138809,-0.0560293449138809
-0.180102283370163,-5.64927224169832,1.74332550244586,4.08604902262262,0.142162603637814,1.31051463225525,-1.45267723589307,1.02107310330715,1.09849816800831,-0.260430490499175,-1.85914078081629,-0.351980283904932,0.351980283904932
-0.0678004922691707,-5.20597695349402,1.64345697227052,3.63032047349267,-0.0200234127059902,1.41524101509454,-1.39521760238855,0.956674929735151,0.628391528334444,0.0580462335606576,-1.64311269163025,-0.525206471067112,0.525206471067112
0.979612582017269,-4.09240973128169,1.15717124381999,1.95562590544443,0.674824152229329,-0.313079524231879,-0.36174462799745,0.908012782012323,0.398825295460926,-0.281349559358588,-1.02548851811466,0.0729675631544984,-0.0729675631544984
2.37012921756787,-7.50720451760657,1.72245661336591,3.41461868667279,0.0102194014275661,1.37226135389081,-1.38248075531838,2.64969578274525,2.52713368550456,-1.33671333174977,-3.84011613650005,-0.185390521294147,0.185390521294147
0.399917275191188,-6.62453547399593,3.3520876130147,2.87253058579005,0.114729014100298,1.55109366545632,-1.66582267955661,2.09588428351616,1.72204293128951,-0.808350342125127,-3.00957687268054,-0.305612873039357,0.305612873039357
1.21499553693617,-4.84707916304288,3.16557129551504,0.466512330591674,0.0712664873186846,0.624129562583216,-0.695396049901901,1.62659680140795,1.4086635580716,-0.554033617181191,-2.48122674229836,-0.185261511200755,0.185261511200755
0.460017878485116,-0.79327809147685,-0.0362785989992283,0.369538811990962,0.56982124680575,-0.0531764408431905,-0.516644805962559,1.42430042366151,0.433113013825086,-0.647345096210988,-1.2100683412756,0.102499443460901,-0.102499443460901
0.283345988678043,-0.0647492985959186,0.0108166641397929,-0.229413354221918,0.295732760461055,-0.305935979676786,0.0102032192157314,-0.360552923356779,0.889616350638331,0.233822773583867,-0.762886200865419,0.42189124549706,-0.42189124549706
0.591270513123389,-2.13360812849953,0.904543193555899,0.637794421820243,1.81001643609801,0.445678262221219,-2.25569469831923,-0.349593893237287,0.0039343058203629,0.344449223017989,0.0012103643989352,0.335745908164172,-0.335745908164172
1.76874538667719,-2.70249988280463,0.29934792841749,0.634406567709949,1.41779464306891,2.01624170791192,-3.43403635098083,1.07879706448752,0.464256291952977,-0.37508401868003,-1.16796933776047,0.0774374395819986,-0.0774374395819986
0.614997141523946,-1.08105282277104,0.633164360127453,-0.16710867888036,0.465151447392957,2.84757167076872,-3.31272311816168,0.659076008403771,0.287467138283929,-0.0403453476133081,-0.906197799074392,-0.303656920312736,0.303656920312736
0.0266452014904588,-5.7962953411582,1.96296882046219,3.80668131920556,0.412874615103133,0.188963764846226,-0.601838379949359,1.10166448954676,1.22151293250152,-0.0375343362206391,-2.28564308582764,-0.640285325226884,0.640285325226884
0.180391951558973,-3.65336079194456,1.03323396457264,2.43973487581294,0.4822820450706,-1.43399587063299,0.951713825562386,-0.0456284782283394,0.315744381401499,0.255677330240324,-0.525793233413483,0.310649695846246,-0.310649695846246
0.784987880531241,-3.74228935337855,2.73193797904067,0.225363493806642,-0.473793064789187,1.18362799932523,-0.709834934536045,-0.252043441350711,0.0745599467963266,-0.0207040279921317,0.198187522546516,0.261708288360616,-0.261708288360616
1.39352664521114,-2.5539175361261,-0.202505507731299,1.36289639864627,0.457649118965599,2.20067377266439,-2.65832289162999,1.51013871045235,0.967855012817615,-0.474463032769702,-2.00353069050026,0.422901688180872,-0.422901688180872
3.38342380507095,-6.08758114594128,0.62317016669544,2.08098717417488,0.24464241515292,0.774545370706405,-1.01918778585932,1.68967351710421,2.10881469967233,-0.802145045140703,-2.99634317163583,-0.590797802120997,0.590797802120997
0.485557820973219,-1.11592676766623,0.0857925533186723,0.54457639337434,0.512571754261954,2.77092795519122,-3.28349970945317,0.481071098640241,-0.24541919219364,0.387676079205483,-0.623327985652083,0.0547838525800617,-0.0547838525800617
-0.356876540968365,-4.47504106121474,2.0807066862689,2.75121091591421,0.911919612189844,-1.13496242246293,0.223042810273084,0.386306140228691,0.560754210528735,0.640611377725018,-1.58767172848244,0.203137274359341,-0.203137274359341
1.56833863188047,-1.44606582963916,-0.578502460130335,0.456229657889028,0.532583817945124,0.204607340565778,-0.737191158510902,-1.07776904273779,0.194504151907158,-0.360008896292611,1.24327378712324,-0.150870867852611,0.150870867852611
3.15648355009226,-6.52602699116343,1.18332440375948,2.18621903731169,0.322473904155641,2.59287554754709,-2.91534945170273,1.75695358243162,1.0527105800937,-0.395358276067855,-2.41430588645747,-0.179520059000072,0.179520059000072
1.55730320663469,-5.76768295407009,1.75697375521178,2.45340599222362,0.80283709662427,2.03496371281176,-2.83780080943603,0.794812192824776,0.641089368558257,0.0113739189600672,-1.4472754803431,-0.62823685152601,0.62823685152601
0.223942848545787,-3.28391590500689,0.882590332809819,2.17738272365128,-0.0876727019561871,-0.613532387480469,0.701205089436656,-0.587805737902603,-0.227939622724132,0.633085466796896,0.182659893829838,-0.160991244658417,0.160991244658417
1.25324080026356,-7.68841534495537,2.37441462860439,4.06075991608742,0.132643893856952,1.79736048034449,-1.93000437420144,2.64666227399718,2.09065687202484,-0.898490817051814,-3.8388283289702,-0.239486598454886,0.239486598454886
2.94379140587073,-6.20234908830626,1.27360073573662,1.98495694669891,0.383422310837112,2.54823917545807,-2.93166148629519,1.80071415447715,1.07109187091476,-0.321424566843047,-2.55038145854886,-0.100380966158035,0.100380966158035
2.01626592461741,-6.29423051150253,3.36854826630493,0.90941632058018,-0.288087773223762,0.763474040338304,-0.475386267114542,2.11302199229038,2.29995021990911,-0.728603379895303,-3.68436883230419,-0.033469416018861,0.033469416018861
3.27804666932517,-4.92626844395235,1.53330058706055,0.114921187566633,0.290106848162051,1.47556459842905,-1.7656714465911,0.226651878899291,0.519816665712579,0.196767703851903,-0.943236248463773,0.0330902095321766,-0.0330902095321766
2.4180033985174,-5.82339149797366,1.56491348942912,1.84047461002713,0.499889682773963,2.69105629881017,-3.19094598158414,1.41440051357091,0.647725126725013,-0.381741343082053,-1.68038429721387,-0.444599962268639,0.444599962268639
1.87880829700704,-6.03752238297093,3.26339440764469,0.89531967831921,-0.270905037385625,0.682964240906428,-0.412059203520803,2.01431743649299,2.20605120679419,-0.709315617706525,-3.51105302558066,-0.00273539929940384,0.00273539929940384
-0.357736183142914,-0.0119108396940006,0.359310375060044,0.0103366477768708,-0.405521283489936,-0.288917755885748,0.694439039375684,1.5811030996971,1.58629881861328,-0.916690341380689,-2.25071157692969,-0.338631642697689,0.338631642697689
2.11225616814466,-6.21250954066908,0.528164876447556,3.57208849607686,0.0545529845286394,-0.0124066535789501,-0.0421463309496893,1.67978008866186,2.12818549300005,-0.940486898529231,-2.86747868313268,-0.275194787329306,0.275194787329306
0.945665000302738,-0.109393713046746,-0.115498013317274,-0.720773273938719,0.0151618715087669,1.68046253430025,-1.69562440580901,1.01596003066819,0.744415179320392,-0.442593363222353,-1.31778184676623,0.230426212375807,-0.230426212375807
0.155966872705355,-0.537384605429103,0.381394159330435,2.35733933124649e-05,0.407901120364378,-0.934883438930384,0.526982318566006,-0.23191517320898,0.456551981837644,-0.101966135766302,-0.122670672862362,0.0569140653570771,-0.0569140653570771
0.378114363092637,-0.800948526378212,0.286544951385119,0.136289211900456,0.770447660366808,2.05958123909093,-2.83002889945774,0.472076367613572,0.274562867288833,-0.0268004461315498,-0.719838788770855,0.638081699680134,-0.638081699680134
2.1762578894075,-5.81757651816389,1.67924386283359,1.9620747659228,0.453416682840858,2.66456588006823,-3.11798256290909,1.45814393894402,0.561259139684002,-0.225954596624833,-1.79344848200319,-0.348552936823541,0.348552936823541
2.05093226875697,-5.23338929676952,0.431630040781025,2.75082698723153,0.345261926487,1.48925765158648,-1.83451957807348,1.32268982810811,0.695395096362531,-0.311485698475725,-1.70659922599492,-0.819493528774873,0.819493528774873
0.180990678559929,-1.24622855260114,0.70068031485446,0.364557559186753,-0.162331868778199,0.25456447417871,-0.0922326054005111,0.616034358361397,-0.0588884788633449,0.162217103309861,-0.719362982807913,0.183224365985131,-0.183224365985131
2.90994098954725,-6.12959222258938,0.788089246744598,2.43156198629753,0.916966688691086,0.242897097139685,-1.15986378583077,1.51731553785494,1.66615457431495,-0.456306109637805,-2.72716400253209,-0.60872817195964,0.60872817195964
3.51034305196799,-5.54479767491049,1.63904615790317,0.395408465039324,0.385928372426167,1.25230673320888,-1.63823510563505,1.65866287912759,1.35449403562179,-0.741480460767704,-2.27167645398168,-0.00803077047174022,0.00803077047174022
1.47948228732989,-5.89986018752897,0.615398694490464,3.80497920570861,0.396810569487246,1.60165826305777,-1.99846883254502,1.17570730953284,0.896970750905205,-0.258623788693145,-1.8140542717449,-0.769034789825137,0.769034789825137
3.55599787614758,-6.17951373718019,1.3724673675532,1.25104849347941,0.0385487845928047,1.72652123024223,-1.76507001483504,1.98553305738363,1.30429168758183,-0.91804366311773,-2.37178108184774,-0.338670957005182,0.338670957005182
2.05717272310699,-5.56991555865508,1.54156032993451,1.97118250561357,0.55203425599463,1.3150891897069,-1.86712344570153,1.5854546822412,1.19539581466416,-0.489637315270353,-2.291213181635,-0.0594876940630268,0.0594876940630268
1.88520444906222,-6.93496316290832,0.866325215613977,4.18343349823212,0.336126505391919,1.15211542293989,-1.48824192833181,1.74124709804919,1.93439643047087,-0.561035086318208,-3.11460844220186,-0.515511743586659,0.515511743586659
2.84159945031548,-6.41770335183853,1.44285495409527,2.13324894742778,0.309186397772534,1.60094898953604,-1.91013538730858,2.44554773054031,1.85475336041131,-0.794629768206373,-3.50567132274524,-0.491845235118386,0.491845235118386
0.987398808635285,-1.71549650182631,0.738352925393871,-0.0102552322028447,-0.0359944249773552,1.03623135356492,-1.00023692858756,-0.663697846670229,-0.217764862561241,0.425414472310978,0.456048236920492,-0.0349656180162147,0.0349656180162147
1.15340881900499,-4.74035787773213,3.30971690391936,0.277232154807783,0.0815940753136581,0.131397520090836,-0.212991595404494,0.994398153461776,1.19692886445106,-0.154172474627094,-2.03715454328574,-0.415535293112188,0.415535293112188
3.0371590466444,-5.47333398305572,1.70492673259463,0.73124820381669,-0.0557058822263731,0.385305473544544,-0.329599591318171,1.84441256334806,1.91267923643522,-0.875985659749013,-2.88110614003427,-0.0407181938894413,0.0407181938894413
0.813036052315698,-6.83127844679884,2.79863478244678,3.21960761203636,-0.604930092109583,1.26396896378672,-0.659038871677133,2.47283516447448,2.43453525342884,-1.01341193493397,-3.89395848296936,-0.12976650650925,0.12976650650925
1.21238164056789,0.321740030805153,-0.378954847194027,-1.15516682417901,0.17758195435672,-0.119630096364928,-0.0579518579917917,-1.06513647671619,-0.748054710089766,1.16030361228551,0.652887574520447,0.246003740957923,-0.246003740957923
0.256257972288162,-0.840952379222564,0.175876653831498,0.408817753102904,-0.857460941007086,0.656824710131224,0.200636230875862,1.67210096357112,0.807481861689891,-1.0024933347807,-1.47708949048031,0.0943955707653523,-0.0943955707653523
0.748072407176629,-3.23211535514909,0.472837295906681,2.01120565206578,-0.542990900365167,1.49720674743287,-0.954215847067699,1.84080215619677,1.38399438743739,-0.645789204724668,-2.57900733890949,-0.272108833909705,0.272108833909705
-0.332558482204514,-0.532327779158138,0.502050354740242,0.362835906622409,-0.100321280155793,-0.206451311465472,0.306772591621265,0.122054224801187,-0.1316537657361,-0.172109330025528,0.181708870960441,0.00220139295760872,-0.00220139295760872
3.5951327674578,-6.60443575752202,2.12754662113976,0.881756368924453,0.310535914828936,0.915988510091736,-1.22652442492067,2.21143793135721,2.56111821852295,-0.912168732416704,-3.86038741746345,-0.229982161188433,0.229982161188433
1.66899164052954,-6.51803866416257,2.83673642692715,2.01231059670587,0.481061519202773,2.11036574322571,-2.59142726242848,1.71788347794569,1.15700722788005,-0.271294157631897,-2.60359654819384,-0.400801082347781,0.400801082347781
1.77875679563028,-7.67668291520823,2.42042247830153,3.47750364127642,-0.136085449523289,1.54555669121827,-1.40947124169498,2.58880510417449,2.37870607421576,-1.07066826579068,-3.89684291259957,0.0246016747901798,-0.0246016747901798
1.28672953297545,-7.78678048648007,2.46512896856688,4.03492198493774,0.1542869025676,1.74898278229244,-1.90326968486004,2.37695062701241,2.14769253309753,-0.76344027966393,-3.76120288044601,-0.263986975761637,0.263986975761637
-0.610045530447994,-2.27368003399326,1.02245749541916,1.86126806902209,-0.881525800969211,1.29446367622425,-0.412937875255039,2.12972768510176,1.69193311184061,-1.02466563002007,-2.7969951669223,0.219565026047257,-0.219565026047257
0.204414034437199,-3.67300439340922,1.1185701658788,2.35002019309323,-0.523334038869969,0.807699978867075,-0.284365939997106,2.45727106962669,2.0547354907223,-1.25758016456033,-3.25442639578866,0.148496173975644,-0.148496173975644
1.47935872787862,-5.96066143829946,3.70905752490715,0.772245185513691,0.107671604339386,0.951814701604219,-1.0594863059436,2.14485666046918,2.01735964977789,-0.989255674702547,-3.17296063554452,-0.0708491084936193,0.0708491084936193
-0.484069296674989,1.1793974218591,-1.14300648360635,0.447678358422242,-0.132272813077304,-0.227670825095823,0.359943638173127,-0.507034634317186,0.150709241885559,-0.396304260934336,0.752629653365963,-0.0514059399942703,0.0514059399942703
2.13945431645971,-6.25236452794378,3.2170085164383,0.895901695045773,0.370071779894899,1.84735037812863,-2.21742215802353,1.79824798473521,2.02947392957116,-0.692361221438887,-3.13536069286748,0.248951896745967,-0.248951896745967
1.52045182141972,0.396399582443639,-0.709244732960303,-1.20760667090306,-0.36922567065538,0.636894713775924,-0.267669043120544,0.533102662910221,0.53249966346428,-0.953677694510273,-0.111924631864228,-0.300294281716156,0.300294281716156
1.36108357727458,-1.46810831471834,-0.380741903248164,0.487766640691927,0.836977494222287,2.09314023903372,-2.93011773325601,0.296207079356948,-0.413150813466746,0.14626743939366,-0.0293237052838618,0.44209372833376,-0.44209372833376
0.171021488612503,0.374944151584664,0.481847638369211,-1.02781327856638,-0.444074532866112,0.625365109022035,-0.181290576155923,-0.598078097180462,0.566689208583478,-0.457908619649968,0.489297508246952,-0.242167478761664,0.242167478761664
0.569338954402416,-1.23544660941418,0.0020512422944246,0.664056412717338,0.987840613052709,-0.414913784364602,-0.572926828688108,-0.237705003386547,-0.156619198384894,0.305054596287087,0.0892696054843532,-0.201536988152279,0.201536988152279
1.05716911616315,-7.10685682308317,2.92633858324841,3.12334912367162,-0.598296495981306,1.24291539367182,-0.644618897690516,2.43560640453169,2.29764718365967,-0.892270937183397,-3.84098265100796,-0.202206862459783,0.202206862459783
0.0837627115177701,-2.04882787873918,1.52037481911196,0.444690348109446,0.29240764731115,1.53380313928601,-1.82621078659716,1.64660061183497,0.586944203649366,-0.142250915416797,-2.09129390006754,0.165402411013921,-0.165402411013921
0.632742375865296,-0.430085002972448,-0.0279281841099655,-0.174729188782883,0.124529737837322,0.649689025123447,-0.774218762960769,-0.923997718485796,0.171825954488071,0.709830429178779,0.0423413348189458,0.162917614831795,-0.162917614831795
0.0830579590327168,-5.72599450298659,3.10813719147946,2.53479935247441,0.437827146438857,0.196834220884911,-0.634661367323769,1.5216805277632,1.29265572619593,-0.0259191165933054,-2.78841713736582,-0.137078596635432,0.137078596635432
0.920645214693121,-7.04075294891829,2.93911516965679,3.18099256456838,-0.528406976266046,1.1737569712987,-0.645349995032654,2.46457348367674,2.49178897217218,-1.02191928829016,-3.93444316755876,-0.191151726515124,0.191151726515124
-0.0579064239205238,1.21328788083993,0.0267308153708328,-1.18211227229024,-0.35760647391771,-0.208848287327386,0.566454761245096,0.0494114320087384,0.209781877492532,0.225711173612607,-0.484904483113877,0.0892941860217576,-0.0892941860217576
-0.0799061485222399,-4.9430039396396,1.56376901470906,3.45914107345279,0.238887247147873,-0.534554336289284,0.29566708914141,1.18032818065759,1.02504893211663,0.108203515446335,-2.31358062822056,-0.307429668468607,0.307429668468607
1.98095545126827,-3.22528268315927,-0.565014632651013,1.80934186454202,0.316963781551629,1.30674413801151,-1.62370791956314,-0.589453457686005,0.458016903732222,0.071450361439655,0.0599861925141277,0.133706025756888,-0.133706025756888
2.58973724157207,-6.29048802759705,2.74542646306498,0.955324322960003,-0.289142161907349,0.623408982342827,-0.334266820435478,1.9257951411735,2.18351631858166,-0.790244115667012,-3.31906734408815,-0.0322551278321297,0.0322551278321297
2.71664232095504,-4.78210384701154,1.92429794903205,0.141163577024439,0.443258146117234,1.65920784372116,-2.1024659898384,0.231902360237223,0.389611559407793,-0.0172953057160222,-0.604218613928994,0.0649978235059734,-0.0649978235059734
2.61998145801929,-3.83856823095135,-0.125871107509368,1.34445788044143,0.846710348057716,-1.43715005773899,0.590439709681276,0.340728906847142,0.469377022769017,-0.0755361402739811,-0.734569789342177,-0.11883629886703,0.11883629886703
1.53992127256811,-6.33047185809522,3.05877181438869,1.73177877113842,0.84251559873522,2.16237608258939,-3.00489168132461,1.16733411892273,1.1970923538258,-0.275241924684601,-2.08918454806393,0.166066936628587,-0.166066936628587
-0.419750159753107,-0.061941302154327,0.890517042293134,-0.4088255803857,0.0974392878377601,0.109639788622159,-0.207079076459919,-0.291233699309371,0.593788533482027,-0.123828390561337,-0.178726443611319,-0.0655761781044203,0.0655761781044203
2.25898893685256,-4.83482199637186,0.839969813001564,1.73586324651774,-0.140476450691041,1.41438946816869,-1.27391301747765,0.694221463180916,0.988099119123184,-0.115365768295414,-1.56695481400869,-0.134732946518302,0.134732946518302
2.04360559025461,-4.55548068804836,0.189163637678773,2.32271146011498,-0.225506283019065,1.31265810069567,-1.08715181767661,-0.196422373469737,0.538147973441408,0.0116357029775106,-0.353361302949181,0.223506174516743,-0.223506174516743
-0.494293599265022,0.513021908518879,-0.0331971965658955,0.0144688873120391,0.126569069275946,-0.455431496534226,0.328862427258281,-0.508445960774352,-0.525826949777997,0.180969994179826,0.853302916372523,-0.11666458897621,0.11666458897621
0.124774663185626,-5.69321434199219,3.36191654189918,2.20652313690739,0.381114389853333,1.42967518633415,-1.81078957618748,1.243668813305,1.24597097736125,-0.526818813365148,-1.9628209773011,-0.0149612580229878,0.0149612580229878
2.17235102812696,-6.6186660931038,1.3073001624219,3.13901490255494,0.261186050368071,0.849597277960556,-1.11078332832863,2.52693029974807,2.26228936448313,-1.15995580863657,-3.62926385559463,-0.1251291832108,0.1251291832108
1.79820493206871,-7.55514492712218,2.41935289741232,3.33758709764115,-0.112821840805774,1.54614954371385,-1.43332770290808,2.635385555827,2.5397909100124,-1.10730536693449,-4.06787109890491,-0.179975280659974,0.179975280659974
1.32115298387216,-0.840439360842687,-0.401808219393084,-0.078905403636384,0.0092803936916937,0.713869787219787,-0.723150180911481,-0.172357624796106,0.296566915179772,-0.182121367121594,0.0579120767379287,-0.292558117876275,0.292558117876275
1.30199427833971,-7.63363281115817,2.39551654223824,3.93612199058022,0.457853879437481,0.993671033992883,-1.45152491343036,2.39824209544315,2.13995774586867,-0.816199764121864,-3.72200007718996,-0.211845500894051,0.211845500894051
-0.282471793545372,-0.794066716117954,0.691036119733324,0.385502389930002,-0.0946847916490735,1.14577181805682,-1.05108702640775,-0.130274432500082,-0.266128250891519,-0.0373730418900375,0.433775725281638,-0.42199237899144,0.42199237899144
1.6171613131906,-1.09127124162238,0.239965543160265,-0.765855614728481,0.600161554246976,0.667850299673432,-1.26801185392041,-0.0689389027039471,-0.0961558297863172,0.363127282236544,-0.19803254974628,0.0201386957156419,-0.0201386957156419
1.89640376270999,-7.25401753978453,1.49996225268127,3.85765152439327,0.0859839886928822,1.86232807195479,-1.94831206064768,2.5433761062197,2.11404521103368,-0.886763342767225,-3.77065797448616,-0.370530973465377,0.370530973465377
0.587695565990795,0.0279386827795197,-0.572580666442055,-0.0430535823282598,0.25130884103743,0.0374492773144613,-0.288758118351892,0.37611831158341,1.32541514699517,-0.681533639860217,-1.01999981871836,-0.599918057262554,0.599918057262554
0.224055200006907,0.527489084341337,-0.325448192595322,-0.426096091752922,-0.0734107060372567,0.643274510241098,-0.569863804203841,-0.300198428948226,0.0667316555588796,-0.430830902794006,0.664297676183352,0.854792569721359,-0.854792569721359
0.52237792081108,-0.851443249810187,-0.301242185472176,0.630307514471283,-0.429419836329097,0.515231773630879,-0.0858119373017823,-0.316110019310066,0.944163269446607,-0.128898470233163,-0.499154779903378,0.0473892016775281,-0.0473892016775281
0.363322403235014,-0.485189778213578,-0.141669318561997,0.263536693540561,0.629030448742373,-0.179441789709183,-0.44958865903319,-0.199735754258028,-0.3454545828686,-0.158541724210315,0.703732061336943,-0.0399312130949736,0.0399312130949736
-0.290523400457275,-0.616644926274685,0.931660572230276,-0.0244922454983149,-0.179650796845645,0.160485665564574,0.0191651312810711,1.13660284488257,0.536977895012777,-0.7421182601603,-0.931462479735044,0.329868345262347,-0.329868345262347
3.56510567093279,-6.69146898457387,1.45916627592689,1.6671970377142,0.423033130024952,0.797294311928816,-1.22032744195377,2.50326827984233,1.99857140884163,-1.02965847706821,-3.47218121161576,-0.287285138887561,0.287285138887561
2.4244562520186,-2.81160695794699,0.985043026364331,-0.597892320435941,-0.274516341624253,1.07318213986679,-0.79866579824254,0.277079171220662,0.843925241805995,-0.288280828601751,-0.832723584424906,-0.24998343257447,0.24998343257447
1.92451187690404,-1.90306533243843,-0.516958229345319,0.495511684879715,-0.00125107709595334,2.53579196807614,-2.53454089098019,0.449217613605325,0.687721388972936,0.0471414563336505,-1.18408045891191,-0.286385332027828,0.286385332027828
1.18690666238296,-7.30743015589847,2.37359063016714,3.74693286334837,0.457949103923335,1.06912490531369,-1.52707400923702,2.24182476987515,2.07416935708313,-0.696712160822075,-3.6192819661362,-0.244196604604038,0.244196604604038
3.02284595964517,-6.01249731285998,0.595414936222043,2.39423641699277,0.609472040911923,1.95097483269821,-2.56044687361013,1.01050521438338,0.976603385607186,0.0340422247922132,-2.02115082478278,-0.33139449629364,0.33139449629364
-0.487220213904483,1.44098218542311,-0.500808800140479,-0.452953171378148,0.122970902487045,0.248291056709853,-0.371261959196898,-0.255191468170888,1.01149024832539,0.0202322333127117,-0.776531013467213,-0.50546000718523,0.50546000718523
0.337158469698198,-4.08959222875967,2.8338371694208,0.918596589640668,0.721358101980025,-1.45144616469545,0.730088062715422,0.459426116008289,0.823328267164859,-0.0657944767617024,-1.21695990641145,0.141476708579107,-0.141476708579107
0.60844627330927,-0.224780554194303,0.484887101396219,-0.868552820511186,-0.289220244650496,-0.277272747108042,0.566492991758538,0.50283929006684,0.482248865373418,-0.30947498203367,-0.675613173406588,-0.116397497564206,0.116397497564206
0.572388925805705,-0.623750150306802,-0.391229003309951,0.442590227811048,0.153753317827317,0.000211446052891242,-0.153964763880208,-0.90456993207771,0.539040939128913,0.289496321178995,0.0760326717698018,0.182920709926667,-0.182920709926667
0.158183907819672,-5.91289340633278,1.98041728096103,3.77429221755208,0.0399212160482158,0.657802243234669,-0.697723459282885,1.28569073429561,1.33158302791643,-0.109949013756075,-2.50732474845596,-0.649870008321449,0.649870008321449
0.264435560884315,-0.644175251946057,0.506153109963551,-0.126413418901809,0.727801274770005,-0.647440082492137,-0.0803611922778681,0.493130848538608,-0.505685635269557,0.308910306205649,-0.2963555194747,-0.204376261842432,0.204376261842432
2.20705019152941,-4.18515080849542,1.08759822581435,0.890502391151664,0.15372604085788,1.30755196622832,-1.4612780070862,0.345481860005595,0.324202254260821,-0.253706065249999,-0.415978049016417,-0.113546714587585,0.113546714587585
1.74256744322674,-1.18291093830261,0.150757187746616,-0.710413692670747,0.271262279446446,0.847279602584889,-1.11854188203134,1.7503786408859,0.763260266139728,-0.601899166890597,-1.91173974013503,-0.276975247503424,0.276975247503424
3.17669115200625,-7.25318720029758,1.68363454189587,2.39286150639545,0.278593729107929,1.74434545476193,-2.02293918386986,2.6587295849732,1.86785881729896,-0.873186264839577,-3.65340213743259,-0.576798696909588,0.576798696909588
2.13502919398864,-5.55146114823216,2.1884741203226,1.22795783392092,0.742910374778357,2.10811867849176,-2.85102905327012,1.14516883483907,1.0524951167224,-0.285216008246483,-1.91244794331498,0.135411991227195,-0.135411991227195
1.6968968141828,-7.82394767598479,2.50228555252428,3.62476530927771,-0.256485840812823,1.7370531690028,-1.48056732818998,2.81299444567278,2.85880894377266,-1.25011050655432,-4.42169288289113,-0.206632459626253,0.206632459626253
0.804270708824562,0.988435151738275,-0.220645258983087,-1.57206060157975,-0.406305337658163,0.969857601137744,-0.563552263479581,0.805008342024343,0.28449426872434,-0.275058867677738,-0.814443743070945,-0.0879271120267932,0.0879271120267932
1.08307324220607,-6.66934011950238,2.58466698136944,3.00159989592687,0.501015206374705,1.02235310462848,-1.52336831100318,1.79094132506622,2.10142898944822,-0.601211233753111,-3.29115908076133,-0.0632184640007716,0.0632184640007716
-0.0516098030495192,-1.55778692712794,1.52130658001317,0.0880901501642837,1.20735992682812,1.33014017608553,-2.53750010291364,1.2279864652947,1.14614118963158,-0.279805691965782,-2.0943219629605,0.396988608267073,-0.396988608267073
-0.403166883863765,-1.01939598475733,0.740325732971072,0.682237135650028,1.83421984549113,0.427747374520231,-2.26196722001136,0.0932288492590808,-0.00911418986968578,0.0715576504044118,-0.155672309793807,0.519708943697875,-0.519708943697875
2.16166632217711,-5.37429373962532,2.1598022231694,1.05282519427881,0.769963729468627,1.95846501568513,-2.72842874515375,0.311022554606454,0.676660253603891,-0.145474288879924,-0.842208519330421,0.134996767192233,-0.134996767192233
1.50994652747358,-3.64966844318374,0.275027862911948,1.86469405279822,0.323636566388078,0.140076815261821,-0.463713381649899,0.256031509164075,0.308068552325725,-0.597074196501241,0.0329741350114408,-0.103874352858075,0.103874352858075
0.779345438621671,-0.634876933923193,-0.0248866070052233,-0.119581897693255,0.395303282588534,-0.211995993125598,-0.183307289462936,0.681575523029257,1.31540238044929,-0.782994284269726,-1.21398361920882,-0.349762538554105,0.349762538554105
0.515466973959442,-4.48624145625711,0.82270257777009,3.14807190452758,0.0195545246224618,-0.0615721408694157,0.0420176162469539,0.440043929806679,0.752794522983962,0.0928349859560947,-1.28567343874674,-0.545457561435493,0.545457561435493
0.709840501524388,-0.277994565856634,0.464258242080956,-0.896104177748711,-0.0232383387544424,0.043180686417294,-0.0199423476628516,0.0946652739100164,0.307650905535043,-0.26952377301006,-0.132792406435,0.0851361702084807,-0.0851361702084807
-0.563525252698761,0.583189820851118,-0.4665084106881,0.446843842535743,0.200914617801286,-0.331809591913303,0.130894974112016,-0.595524392665998,-0.0314274835537491,0.29910304364606,0.327848832573687,0.416746161097598,-0.416746161097598
-0.124545624295408,0.0895937695323266,1.26990739741188,-1.2349555426488,1.27707378634543,0.89691308531342,-2.17398687165885,0.859367210331561,0.882585690690879,-0.350252369193294,-1.39170053182915,-0.0303235308302758,0.0303235308302758
1.10859185426928,-2.81634988929298,0.0299365010350389,1.67782153398866,1.08358064015253,0.266119863237238,-1.34970050338977,0.207578929764038,0.386836565917025,0.430717676790269,-1.02513317247133,0.0215089439288918,-0.0215089439288918
0.78463960427796,-2.26866319387089,-0.546776334826873,2.0307999244198,-0.277556574824985,0.757509497230939,-0.479952922405954,0.340182175549446,-0.234921821948597,-0.499344139242696,0.394083785641848,-0.166169415819904,0.166169415819904
1.99393461552653,-7.66308734589814,1.53577765363484,4.13337507673678,0.152325663976741,1.78114066858461,-1.93346633256136,2.53458556344422,2.16896506609964,-0.920342963597768,-3.7832076659461,-0.327298532120094,0.327298532120094
0.991970593270723,-7.14241580908885,2.12505029661981,4.02539491919832,-0.295252266621128,1.52495493527841,-1.22970266865729,2.2116974809804,2.09504381979344,-0.801489443867737,-3.5052518569061,-0.277596347677353,0.277596347677353
2.93526060493303,-6.07323309028451,1.32396020640864,1.81401227894284,0.137224545956507,2.58861436687808,-2.72583891283458,1.61863783895887,0.618336358745829,-0.0119881093879841,-2.22498608831671,-0.274668320130656,0.274668320130656
1.26960402459589,-2.55829530710475,2.01755514279438,-0.728863860285516,0.368726957932357,-0.311538830177549,-0.057188127754808,1.07421935715032,0.566426833852059,-0.197114880217997,-1.44353131078438,0.159149935890866,-0.159149935890866
1.66785532704629,-2.95874384115402,-0.190365947126873,1.4812544612346,-0.480891142935881,0.784454600179649,-0.303563457243768,1.67533482131657,1.39827206626838,-0.789493820291812,-2.28411306729314,0.140787322665118,-0.140787322665118
0.0419501192485794,-0.93386682822272,0.516632759737172,0.375283949236969,-0.421185927068285,1.38622716052642,-0.965041233458133,1.1051380210838,0.311568247423759,-0.868707073931048,-0.54799919457651,-0.517696569889808,0.517696569889808
2.98694443422856,-6.02201661537308,0.630867340291157,2.40420484085336,0.443436044410008,1.86849521555921,-2.31193125996921,0.837535295425008,0.543456655618424,0.332288646794361,-1.71328059783779,-0.503979164072763,0.503979164072763
0.443203395081691,-2.71475685731731,1.44472686189345,0.826826600342174,-0.518509711127366,0.162985178952723,0.355524532174642,0.993365575361708,2.11583990439232,-1.07594221588966,-2.03326326386436,-0.214225593111991,0.214225593111991
0.000139428219614035,0.463682611096368,0.0276187992587708,-0.491440838574753,1.10951493728945,-1.0021654876852,-0.107349449604251,-0.440011275778075,-0.00876926984669621,0.78126230451425,-0.332481758889479,0.0351995703290354,-0.0351995703290354
-0.0798043089588071,-0.670220667779093,1.08356985350656,-0.333544876768657,-0.478660765245191,0.347543613611802,0.131117151633389,-0.462680048886931,0.451926073378045,0.183682519992542,-0.172928544483655,0.280658176821139,-0.280658176821139
1.75979843389376,-6.82190608604997,1.31809645909229,3.74401119306391,0.0936199606745678,1.85768668373598,-1.95130664441055,2.52673455668296,2.00149939514665,-0.856479896894761,-3.67175405493485,-0.278919959601091,0.278919959601091
